Company Name,Stock Code,Industry33,Market
極洋,1301,水産・農林業,東証1部
日本水産,1332,水産・農林業,東証1部
サカタのタネ,1377,水産・農林業,東証1部
マルハニチロ,1333,水産・農林業,東証1部
ホクト,1379,水産・農林業,東証1部
アクシーズ,1381,水産・農林業,東証JASDAQスタンダード
カネコ種苗,1376,水産・農林業,東証1部
ホクリヨウ,1384,水産・農林業,東証1部
秋川牧園,1380,水産・農林業,東証JASDAQスタンダード
ベルグアース,1383,水産・農林業,東証JASDAQスタンダード
ホーブ,1382,水産・農林業,東証JASDAQスタンダード
TOTO,5332,ガラス・土石,東証1部
旭硝子,5201,ガラス・土石,東証1部
日本碍子,5333,ガラス・土石,東証1部
太平洋セメント,5233,ガラス・土石,東証1部
日本特殊陶業,5334,ガラス・土石,東証1部
日本電気硝子,5214,ガラス・土石,東証1部
東海カーボン,5301,ガラス・土石,東証1部
住友大阪セメント,5232,ガラス・土石,東証1部
ニチアス,5393,ガラス・土石,東証1部
ニチハ,7943,ガラス・土石,東証1部
日東紡績,3110,ガラス・土石,東証1部
MARUWA,5344,ガラス・土石,東証1部
日本板硝子,5202,ガラス・土石,東証1部
ノリタケカンパニーリミテド,5331,ガラス・土石,東証1部
オハラ,5218,ガラス・土石,東証1部
東洋炭素,5310,ガラス・土石,東証1部
フジミインコーポレーテッド,5384,ガラス・土石,東証1部
三谷セキサン,5273,ガラス・土石,東証1部
日本カーボン,5302,ガラス・土石,東証1部
黒崎播磨,5352,ガラス・土石,東証1部
品川リフラクトリーズ,5351,ガラス・土石,東証1部
SECカーボン,5304,ガラス・土石,東証2部
日本コンクリート工業,5269,ガラス・土石,東証1部
イソライト工業,5358,ガラス・土石,東証1部
ジオスター,5282,ガラス・土石,東証2部
アジアパイルホールディングス,5288,ガラス・土石,東証1部
日本ヒューム,5262,ガラス・土石,東証1部
日本山村硝子,5210,ガラス・土石,東証1部
東京窯業,5363,ガラス・土石,東証1部
ゼニス羽田ホールディングス,5289,ガラス・土石,東証2部
ノザワ,5237,ガラス・土石,東証2部
ヨータイ,5357,ガラス・土石,東証1部
クニミネ工業,5388,ガラス・土石,東証2部
ニッカトー,5367,ガラス・土石,東証1部
石塚硝子,5204,ガラス・土石,東証1部
エーアンドエーマテリアル,5391,ガラス・土石,東証1部
神島化学工業,4026,ガラス・土石,東証2部
旭コンクリート工業,5268,ガラス・土石,東証2部
チヨダウーテ,5387,ガラス・土石,東証JASDAQスタンダード
Mipox,5381,ガラス・土石,東証JASDAQスタンダード
テクノクオーツ,5217,ガラス・土石,東証JASDAQスタンダード
美濃窯業,5356,ガラス・土石,名証2部
スパンクリートコーポレーション,5277,ガラス・土石,東証JASDAQスタンダード
ダントーホールディングス,5337,ガラス・土石,東証1部
日本坩堝,5355,ガラス・土石,東証2部
トーヨーアサノ,5271,ガラス・土石,東証2部
ヤマックス,5285,ガラス・土石,東証JASDAQスタンダード
ニッコー,5343,ガラス・土石,名証2部
倉元製作所,5216,ガラス・土石,東証JASDAQスタンダード
アサヒ衛陶,5341,ガラス・土石,東証2部
イトーヨーギョー,5287,ガラス・土石,東証2部
鶴弥,5386,ガラス・土石,東証2部
ジャニス工業,5342,ガラス・土石,名証2部
ヤマウ,5284,ガラス・土石,東証JASDAQスタンダード
日本興業,5279,ガラス・土石,東証JASDAQスタンダード
理研コランダム,5395,ガラス・土石,東証2部
不二硝子,5212,ガラス・土石,東証JASDAQスタンダード
新東,5380,ガラス・土石,東証JASDAQスタンダード
国際石油開発帝石,1605,鉱業,東証1部
石油資源開発,1662,鉱業,東証1部
日鉄鉱業,1515,鉱業,東証1部
K＆Oエナジーグループ,1663,鉱業,東証1部
日本海洋掘削,1606,鉱業,東証1部
三井松島産業,1518,鉱業,東証1部
住石ホールディングス,1514,鉱業,東証1部
大和ハウス工業,1925,建設業,東証1部
大東建託,1878,建設業,東証1部
積水ハウス,1928,建設業,東証1部
大成建設,1801,建設業,東証1部
鹿島建設,1812,建設業,東証1部
大林組,1802,建設業,東証1部
清水建設,1803,建設業,東証1部
日揮,1963,建設業,東証1部
長谷工コーポレーション,1808,建設業,東証1部
コムシスホールディングス,1721,建設業,東証1部
きんでん,1944,建設業,東証1部
九電工,1959,建設業,東証1部
住友林業,1911,建設業,東証1部
協和エクシオ,1951,建設業,東証1部
NIPPO,1881,建設業,東証1部
前田建設工業,1824,建設業,東証1部
戸田建設,1860,建設業,東証1部
前田道路,1883,建設業,東証1部
五洋建設,1893,建設業,東証1部
関電工,1942,建設業,東証1部
ショーボンドホールディングス,1414,建設業,東証1部
千代田化工建設,6366,建設業,東証1部
奥村組,1833,建設業,東証1部
東芝プラントシステム,1983,建設業,東証1部
中電工,1941,建設業,東証1部
東建コーポレーション,1766,建設業,東証1部
西松建設,1820,建設業,東証1部
高砂熱学工業,1969,建設業,東証1部
安藤・間,1719,建設業,東証1部
日本電設工業,1950,建設業,東証1部
熊谷組,1861,建設業,東証1部
ミライト・ホールディングス,1417,建設業,東証1部
大氣社,1979,建設業,東証1部
東鉄工業,1835,建設業,東証1部
インベスターズクラウド,1435,建設業,東証1部
高松コンストラクショングループ,1762,建設業,東証1部
東急建設,1720,建設業,東証1部
三井住友建設,1821,建設業,東証1部
住友電設,1949,建設業,東証1部
三機工業,1961,建設業,東証1部
ユアテック,1934,建設業,東証1部
ライト工業,1926,建設業,東証1部
日比谷総合設備,1982,建設業,東証1部
東亜建設工業,1885,建設業,東証1部
ダイダン,1980,建設業,東証1部
日本道路,1884,建設業,東証1部
トーエネック,1946,建設業,東証1部
東洋建設,1890,建設業,東証1部
福田組,1899,建設業,東証1部
青木あすなろ建設,1865,建設業,東証1部
新日本建設,1879,建設業,東証1部
太平電業,1968,建設業,東証1部
新興プランテック,6379,建設業,東証1部
日成ビルド工業,1916,建設業,東証1部
鉄建建設,1815,建設業,東証1部
三井ホーム,1868,建設業,東証1部
大豊建設,1822,建設業,東証1部
東洋エンジニアリング,6330,建設業,東証1部
東京エネシス,1945,建設業,東証1部
明星工業,1976,建設業,東証1部
錢高組,1811,建設業,東証1部
矢作建設工業,1870,建設業,東証1部
ミサワホーム,1722,建設業,東証1部
ピーエス三菱,1871,建設業,東証1部
OSJBホールディングス,5912,建設業,東証1部
新日本空調,1952,建設業,東証1部
淺沼組,1852,建設業,東証1部
大本組,1793,建設業,東証JASDAQスタンダード
日本ハウスホールディングス,1873,建設業,東証1部
桧家ホールディングス,1413,建設業,東証2部
第一建設工業,1799,建設業,東証JASDAQスタンダード
不動テトラ,1813,建設業,東証1部
日本リーテック,1938,建設業,東証2部
日特建設,1929,建設業,東証1部
飛島建設,1805,建設業,東証1部
松井建設,1810,建設業,東証1部
北陸電気工事,1930,建設業,東証1部
名工建設,1869,建設業,名証2部
北野建設,1866,建設業,東証1部
巴コーポレーション,1921,建設業,東証1部
NDS,1956,建設業,東証1部
日本電技,1723,建設業,東証JASDAQスタンダード
世紀東急工業,1898,建設業,東証1部
四電工,1939,建設業,東証1部
ダイセキ環境ソリューション,1712,建設業,東証1部
朝日工業社,1975,建設業,東証1部
東亜道路工業,1882,建設業,東証1部
タマホーム,1419,建設業,東証1部
若築建設,1888,建設業,東証1部
ヤマト,1967,建設業,東証1部
フィル・カンパニー,3267,建設業,東証マザーズ
ナカノフドー建設,1827,建設業,東証1部
シーキューブ,1936,建設業,名証1部
ウエストホールディングス,1407,建設業,東証JASDAQスタンダード
日本アクア,1429,建設業,東証マザーズ
ファーストコーポレーション,1430,建設業,東証1部
中外炉工業,1964,建設業,東証1部
テクノ菱和,1965,建設業,東証2部
ヤマウラ,1780,建設業,東証1部
ベステラ,1433,建設業,東証1部
サンテック,1960,建設業,東証2部
南海辰村建設,1850,建設業,東証2部
富士古河E＆C,1775,建設業,東証2部
三井金属エンジニアリング,1737,建設業,東証2部
イチケン,1847,建設業,東証1部
ビーアールホールディングス,1726,建設業,東証1部
三晃金属工業,1972,建設業,東証1部
大成温調,1904,建設業,東証JASDAQスタンダード
富士ピー・エス,1848,建設業,東証2部
ヤマダ・エスバイエルホーム,1919,建設業,東証1部
森組,1853,建設業,東証2部
金下建設,1897,建設業,東証2部
西部電気工業,1937,建設業,東証1部
TTK,1935,建設業,東証2部
日本基礎技術,1914,建設業,東証1部
大末建設,1814,建設業,東証1部
サンヨーホームズ,1420,建設業,東証1部
ソルコム,1987,建設業,東証2部
第一カッター興業,1716,建設業,東証1部
田辺工業,1828,建設業,東証2部
日本電通,1931,建設業,東証2部
北海電気工事,1832,建設業,札証
藤田エンジニアリング,1770,建設業,東証JASDAQスタンダード
協和日成,1981,建設業,東証JASDAQスタンダード
植木組,1867,建設業,東証1部
テノックス,1905,建設業,東証JASDAQスタンダード
オーテック,1736,建設業,東証JASDAQスタンダード
佐藤渡辺,1807,建設業,東証JASDAQスタンダード
ナカボーテック,1787,建設業,東証JASDAQスタンダード
弘電社,1948,建設業,東証2部
佐田建設,1826,建設業,東証1部
常磐開発,1782,建設業,東証JASDAQスタンダード
高橋カーテンウォール工業,1994,建設業,東証JASDAQスタンダード
三井住建道路,1776,建設業,東証2部
明豊ファシリティワークス,1717,建設業,東証JASDAQスタンダード
ソネック,1768,建設業,東証1部
インターライフホールディングス,1418,建設業,東証JASDAQスタンダード
美樹工業,1718,建設業,東証JASDAQスタンダード
シード平和,1739,建設業,東証JASDAQグロース
技研興業,9764,建設業,東証2部
徳倉建設,1892,建設業,名証2部
川崎設備工業,1777,建設業,名証2部
土屋ホールディングス,1840,建設業,東証2部
高田工業所,1966,建設業,東証2部
SYSKEN,1933,建設業,東証2部
エムビーエス,1401,建設業,東証マザーズ
太洋基礎工業,1758,建設業,東証JASDAQスタンダード
アジアゲートホールディングス,1783,建設業,東証JASDAQスタンダード
フィット,1436,建設業,東証マザーズ
守谷商会,1798,建設業,東証JASDAQスタンダード
サンユー建設,1841,建設業,東証JASDAQスタンダード
三信建設工業,1984,建設業,東証JASDAQスタンダード
鈴縫工業,1846,建設業,東証2部
大盛工業,1844,建設業,東証2部
JESCOホールディングス,1434,建設業,東証2部
北陸電話工事,1989,建設業,東証2部
シンクレイヤ,1724,建設業,東証JASDAQスタンダード
山加電業,1789,建設業,東証JASDAQスタンダード
ミサワホーム中国,1728,建設業,東証JASDAQスタンダード
工藤建設,1764,建設業,東証2部
暁飯島工業,1997,建設業,東証JASDAQスタンダード
麻生フオームクリート,1730,建設業,東証JASDAQスタンダード
ルーデン・ホールディングス,1400,建設業,東証JASDAQグロース
NITTOH,1738,建設業,名証2部
細田工務店,1906,建設業,東証JASDAQスタンダード
省電舎ホールディングス,1711,建設業,東証2部
北弘電社,1734,建設業,札証
マサル,1795,建設業,東証JASDAQスタンダード
エスケーホーム,1431,建設業,福証Q-Board
サムシングホールディングス,1408,建設業,東証JASDAQグロース
日本乾溜工業,1771,建設業,福証
コーアツ工業,1743,建設業,東証2部
クレアホールディングス,1757,建設業,東証2部
神田通信機,1992,建設業,東証JASDAQスタンダード
岐阜造園,1438,建設業,名証2部
三東工業社,1788,建設業,東証JASDAQスタンダード
安江工務店,1439,建設業,東証JASDAQスタンダード
サイタホールディングス,1999,建設業,福証
ワイ・ティー・エル・コーポレーション・バーハッド,1773,建設業,東証1部
日本たばこ産業,2914,食料品,東証1部
アサヒグループホールディングス,2502,食料品,東証1部
キリンホールディングス,2503,食料品,東証1部
サントリー食品インターナショナル,2587,食料品,東証1部
明治ホールディングス,2269,食料品,東証1部
ヤクルト本社,2267,食料品,東証1部
味の素,2802,食料品,東証1部
日清食品ホールディングス,2897,食料品,東証1部
キッコーマン,2801,食料品,東証1部
コカ・コーラボトラーズジャパン,2579,食料品,東証1部
日清製粉グループ本社,2002,食料品,東証1部
日本ハム,2282,食料品,東証1部
東洋水産,2875,食料品,東証1部
山崎製パン,2212,食料品,東証1部
カルビー,2229,食料品,東証1部
キユーピー,2809,食料品,東証1部
ニチレイ,2871,食料品,東証1部
カゴメ,2811,食料品,東証1部
伊藤園,2593,食料品,東証1部
江崎グリコ,2206,食料品,東証1部
ハウス食品グループ本社,2810,食料品,東証1部
アリアケジャパン,2815,食料品,東証1部
森永製菓,2201,食料品,東証1部
伊藤ハム米久ホールディングス,2296,食料品,東証1部
不二製油グループ本社,2607,食料品,東証1部
宝ホールディングス,2531,食料品,東証1部
サッポロホールディングス,2501,食料品,東証1部
森永乳業,2264,食料品,東証1部
雪印メグミルク,2270,食料品,東証1部
プリマハム,2281,食料品,東証1部
寿スピリッツ,2222,食料品,東証1部
S　Foods,2292,食料品,東証1部
日本製粉,2001,食料品,東証1部
三井製糖,2109,食料品,東証1部
日清オイリオグループ,2602,食料品,東証1部
亀田製菓,2220,食料品,東証1部
ダイドーグループホールディングス,2590,食料品,東証1部
昭和産業,2004,食料品,東証1部
理研ビタミン,4526,食料品,東証1部
フジッコ,2908,食料品,東証1部
ユーグレナ,2931,食料品,東証1部
ブルボン,2208,食料品,東証2部
ヱスビー食品,2805,食料品,東証2部
中部飼料,2053,食料品,東証1部
不二家,2211,食料品,東証1部
丸大食品,2288,食料品,東証1部
J-オイルミルズ,2613,食料品,東証1部
ケンコーマヨネーズ,2915,食料品,東証1部
六甲バター,2266,食料品,東証1部
かどや製油,2612,食料品,東証1部
わらべや日洋ホールディングス,2918,食料品,東証1部
ロック・フィールド,2910,食料品,東証1部
北の達人コーポレーション,2930,食料品,東証1部
永谷園ホールディングス,2899,食料品,東証1部
日新製糖,2117,食料品,東証1部
フィード・ワン,2060,食料品,東証1部
キーコーヒー,2594,食料品,東証1部
日本甜菜製糖,2108,食料品,東証1部
養命酒製造,2540,食料品,東証1部
B-Rサーティワンアイスクリーム,2268,食料品,東証JASDAQスタンダード
井村屋グループ,2209,食料品,東証1部
太陽化学,2902,食料品,名証2部
柿安本店,2294,食料品,東証JASDAQスタンダード
ヨシムラ・フード・ホールディングス,2884,食料品,東証1部
岩塚製菓,2221,食料品,東証JASDAQスタンダード
なとり,2922,食料品,東証1部
中村屋,2204,食料品,東証1部
北海道コカ・コーラボトリング,2573,食料品,東証2部
湖池屋,2226,食料品,東証JASDAQスタンダード
モロゾフ,2217,食料品,東証1部
はごろもフーズ,2831,食料品,東証2部
名糖産業,2207,食料品,東証1部
鳥越製粉,2009,食料品,東証1部
プレミアムウォーターホールディングス,2588,食料品,東証2部
オエノンホールディングス,2533,食料品,東証1部
一正蒲鉾,2904,食料品,東証1部
日東富士製粉,2003,食料品,東証1部
エバラ食品工業,2819,食料品,東証1部
イートアンド,2882,食料品,東証1部
アヲハタ,2830,食料品,東証2部
フジ日本精糖,2114,食料品,東証2部
ユニカフェ,2597,食料品,東証1部
ユタカフーズ,2806,食料品,東証2部
サトウ食品工業,2923,食料品,東証2部
日本食品化工,2892,食料品,東証2部
焼津水産化学工業,2812,食料品,東証1部
ミヨシ油脂,4404,食料品,東証1部
ブルドックソース,2804,食料品,東証2部
佐藤食品工業,2814,食料品,東証JASDAQスタンダード
やまみ,2820,食料品,東証JASDAQスタンダード
ダイショー,2816,食料品,東証2部
カンロ,2216,食料品,東証2部
シノブフーズ,2903,食料品,東証2部
大冷,2883,食料品,東証1部
ピックルスコーポレーション,2925,食料品,東証1部
ファーマフーズ,2929,食料品,東証2部
日東ベスト,2877,食料品,東証JASDAQスタンダード
AFC-HDアムスライフサイエンス,2927,食料品,東証JASDAQスタンダード
ピエトロ,2818,食料品,東証1部
コモ,2224,食料品,東証JASDAQスタンダード
あじかん,2907,食料品,東証2部
塩水港精糖,2112,食料品,東証1部
マルサンアイ,2551,食料品,名証2部
第一屋製パン,2215,食料品,東証1部
ジャパン・フード＆リカー・アライアンス,2538,食料品,東証2部
福留ハム,2291,食料品,東証2部
滝沢ハム,2293,食料品,東証JASDAQスタンダード
林兼産業,2286,食料品,東証1部
ジャパンフーズ,2599,食料品,東証1部
日和産業,2055,食料品,東証2部
仙波糖化工業,2916,食料品,東証JASDAQスタンダード
イフジ産業,2924,食料品,東証1部
東洋精糖,2107,食料品,東証1部
マルタイ,2919,食料品,福証
ヒガシマル,2058,食料品,福証
シベール,2228,食料品,東証JASDAQスタンダード
増田製粉所,2008,食料品,東証2部
オーケー食品工業,2905,食料品,東証JASDAQスタンダード
大森屋,2917,食料品,東証JASDAQスタンダード
日糧製パン,2218,食料品,札証
石井食品,2894,食料品,東証2部
ジェーシー・コムサ,2876,食料品,東証JASDAQスタンダード
旭松食品,2911,食料品,東証2部
和弘食品,2813,食料品,東証JASDAQスタンダード
ボーソー油脂,2608,食料品,東証2部
篠崎屋,2926,食料品,東証2部
セイヒョー,2872,食料品,東証2部
フルッタフルッタ,2586,食料品,東証マザーズ
石垣食品,2901,食料品,東証JASDAQスタンダード
王子ホールディングス,3861,パルプ・紙,東証1部
日本製紙,3863,パルプ・紙,東証1部
大王製紙,3880,パルプ・紙,東証1部
レンゴー,3941,パルプ・紙,東証1部
北越紀州製紙,3865,パルプ・紙,東証1部
ザ・パック,3950,パルプ・紙,東証1部
特種東海製紙,3708,パルプ・紙,東証1部
トーモク,3946,パルプ・紙,東証1部
朝日印刷,3951,パルプ・紙,東証2部
ニッポン高度紙工業,3891,パルプ・紙,東証JASDAQスタンダード
中越パルプ工業,3877,パルプ・紙,東証1部
三菱製紙,3864,パルプ・紙,東証1部
ダイナパック,3947,パルプ・紙,東証2部
巴川製紙所,3878,パルプ・紙,東証1部
大石産業,3943,パルプ・紙,福証
ハビックス,3895,パルプ・紙,東証JASDAQスタンダード
昭和パックス,3954,パルプ・紙,東証JASDAQスタンダード
中央紙器工業,3952,パルプ・紙,名証2部
阿波製紙,3896,パルプ・紙,東証1部
イムラ封筒,3955,パルプ・紙,東証2部
古林紙工,3944,パルプ・紙,東証2部
スーパーバッグ,3945,パルプ・紙,東証2部
岡山製紙,3892,パルプ・紙,東証JASDAQスタンダード
光ビジネスフォーム,3948,パルプ・紙,東証JASDAQスタンダード
大村紙業,3953,パルプ・紙,東証JASDAQスタンダード
国際チャート,3956,パルプ・紙,東証JASDAQスタンダード
信越化学工業,4063,化学,東証1部
花王,4452,化学,東証1部
富士フイルムホールディングス,4901,化学,東証1部
資生堂,4911,化学,東証1部
旭化成,3407,化学,東証1部
三菱ケミカルホールディングス,4188,化学,東証1部
ユニ・チャーム,8113,化学,東証1部
日東電工,6988,化学,東証1部
住友化学,4005,化学,東証1部
日本ペイントホールディングス,4612,化学,東証1部
積水化学工業,4204,化学,東証1部
コーセー,4922,化学,東証1部
ポーラ・オルビスホールディングス,4927,化学,東証1部
東ソー,4042,化学,東証1部
関西ペイント,4613,化学,東証1部
クラレ,3405,化学,東証1部
三菱瓦斯化学,4182,化学,東証1部
三井化学,4183,化学,東証1部
昭和電工,4004,化学,東証1部
大陽日酸,4091,化学,東証1部
日産化学工業,4021,化学,東証1部
ライオン,4912,化学,東証1部
小林製薬,4967,化学,東証1部
日立化成,4217,化学,東証1部
JSR,4185,化学,東証1部
エア・ウォーター,4088,化学,東証1部
ダイセル,4202,化学,東証1部
ニフコ,7988,化学,東証1部
DIC,4631,化学,東証1部
デンカ,4061,化学,東証1部
日本ゼオン,4205,化学,東証1部
カネカ,4118,化学,東証1部
宇部興産,4208,化学,東証1部
日本触媒,4114,化学,東証1部
日本化薬,4272,化学,東証1部
アイカ工業,4206,化学,東証1部
ノエビアホールディングス,4928,化学,東証1部
シーズ・ホールディングス,4924,化学,東証1部
エフピコ,7947,化学,東証1部
日油,4403,化学,東証1部
トクヤマ,4043,化学,東証1部
日本パーカライジング,4095,化学,東証1部
住友ベークライト,4203,化学,東証1部
東京応化工業,4186,化学,東証1部
ファンケル,4921,化学,東証1部
東洋インキSCホールディングス,4634,化学,東証1部
ADEKA,4401,化学,東証1部
東亞合成,4045,化学,東証1部
タカラバイオ,4974,化学,東証1部
マンダム,4917,化学,東証1部
エスケー化研,4628,化学,東証JASDAQスタンダード
クレハ,4023,化学,東証1部
太陽ホールディングス,4626,化学,東証1部
三洋化成工業,4471,化学,東証1部
ダイキョーニシカワ,4246,化学,東証1部
ミルボン,4919,化学,東証1部
JSP,7942,化学,東証1部
アース製薬,4985,化学,東証1部
日本曹達,4041,化学,東証1部
サカタインクス,4633,化学,東証1部
積水樹脂,4212,化学,東証1部
扶桑化学工業,4368,化学,東証1部
四国化成工業,4099,化学,東証1部
信越ポリマー,7970,化学,東証1部
大日精化工業,4116,化学,東証1部
セントラル硝子,4044,化学,東証1部
KHネオケム,4189,化学,東証1部
長谷川香料,4958,化学,東証1部
クミアイ化学工業,4996,化学,東証1部
デクセリアルズ,4980,化学,東証1部
住友精化,4008,化学,東証1部
上村工業,4966,化学,東証2部
石原産業,4028,化学,東証1部
コニシ,4956,化学,東証1部
テイカ,4027,化学,東証1部
関東電化工業,4047,化学,東証1部
JCU,4975,化学,東証1部
タキロンシーアイ,4215,化学,東証1部
藤森工業,7917,化学,東証1部
高砂香料工業,4914,化学,東証1部
積水化成品工業,4228,化学,東証1部
大阪ソーダ,4046,化学,東証1部
中国塗料,4617,化学,東証1部
堺化学工業,4078,化学,東証1部
ニチバン,4218,化学,東証1部
エステー,4951,化学,東証1部
天馬,7958,化学,東証1部
松本油脂製薬,4365,化学,東証JASDAQスタンダード
未来工業,7931,化学,名証2部
日本バルカー工業,7995,化学,東証1部
大日本塗料,4611,化学,東証1部
レック,7874,化学,東証1部
日本特殊塗料,4619,化学,東証1部
保土谷化学工業,4112,化学,東証1部
高圧ガス工業,4097,化学,東証1部
田中化学研究所,4080,化学,東証JASDAQスタンダード
森六ホールディングス,4249,化学,東証1部
メック,4971,化学,東証1部
ステラケミファ,4109,化学,東証1部
有沢製作所,5208,化学,東証1部
荒川化学工業,4968,化学,東証1部
第一工業製薬,4461,化学,東証1部
日本農薬,4997,化学,東証1部
大倉工業,4221,化学,東証1部
アキレス,5142,化学,東証1部
ポラテクノ,4239,化学,東証JASDAQスタンダード
リケンテクノス,4220,化学,東証1部
旭有機材,4216,化学,東証1部
T＆K　TOKA,4636,化学,東証1部
フマキラー,4998,化学,東証2部
星光PMC,4963,化学,東証1部
日本化学産業,4094,化学,東証2部
第一稀元素化学工業,4082,化学,東証2部
群栄化学工業,4229,化学,東証1部
ソフト99コーポレーション,4464,化学,東証2部
トリケミカル研究所,4369,化学,東証JASDAQスタンダード
東リ,7971,化学,東証1部
アグロカネショウ,4955,化学,東証1部
大阪有機化学工業,4187,化学,東証1部
カーリットホールディングス,4275,化学,東証1部
日本精化,4362,化学,東証1部
多木化学,4025,化学,東証1部
コタ,4923,化学,東証1部
戸田工業,4100,化学,東証1部
ハーバー研究所,4925,化学,東証JASDAQスタンダード
共和レザー,3553,化学,東証1部
藤倉化成,4620,化学,東証1部
ハリマ化成グループ,4410,化学,東証1部
寺岡製作所,4987,化学,東証2部
アイビー化粧品,4918,化学,東証JASDAQスタンダード
日東エフシー,4033,化学,東証1部
日本化学工業,4092,化学,東証1部
北興化学工業,4992,化学,東証1部
日華化学,4463,化学,東証1部
ロックペイント,4621,化学,東証2部
大成ラミック,4994,化学,東証1部
リプロセル,4978,化学,東証JASDAQグロース
前澤化成工業,7925,化学,東証1部
綜研化学,4972,化学,東証JASDAQスタンダード
ダイキアクシス,4245,化学,東証1部
ウルトラファブリックス・ホールディングス,4235,化学,東証JASDAQスタンダード
石原ケミカル,4462,化学,東証2部
パーカーコーポレーション,9845,化学,東証2部
きもと,7908,化学,東証1部
ミライアル,4238,化学,東証1部
日本カーバイド工業,4064,化学,東証1部
ラサ工業,4022,化学,東証1部
タイガースポリマー,4231,化学,東証1部
日本高純度化学,4973,化学,東証1部
三光合成,7888,化学,東証2部
OATアグリオ,4979,化学,東証1部
広栄化学工業,4367,化学,東証2部
本州化学工業,4115,化学,東証2部
セメダイン,4999,化学,東証2部
新田ゼラチン,4977,化学,東証1部
東邦化学工業,4409,化学,東証2部
伊勢化学工業,4107,化学,東証2部
フクビ化学工業,7871,化学,東証2部
シーボン,4926,化学,東証1部
ウェーブロックホールディングス,7940,化学,東証2部
片倉コープアグリ,4031,化学,東証1部
竹本容器,4248,化学,東証1部
ムトー精工,7927,化学,東証JASDAQスタンダード
東洋合成工業,4970,化学,東証JASDAQスタンダード
ナトコ,4627,化学,東証JASDAQスタンダード
東邦アセチレン,4093,化学,東証1部
曽田香料,4965,化学,東証JASDAQスタンダード
ロンシール工業,4224,化学,東証2部
ニイタカ,4465,化学,東証1部
フジプレアム,4237,化学,東証JASDAQスタンダード
互応化学工業,4962,化学,東証2部
新日本理化,4406,化学,東証1部
タカギセイコー,4242,化学,東証JASDAQスタンダード
川崎化成工業,4117,化学,東証2部
チタン工業,4098,化学,東証1部
サンエー化研,4234,化学,東証JASDAQスタンダード
東京インキ,4635,化学,東証2部
イサム塗料,4624,化学,東証2部
アサヒペン,4623,化学,東証2部
田岡化学工業,4113,化学,東証2部
神東塗料,4615,化学,東証1部
ヤスハラケミカル,4957,化学,東証2部
アジュバンコスメジャパン,4929,化学,東証1部
児玉化学工業,4222,化学,東証2部
中央化学,7895,化学,東証JASDAQスタンダード
ダイトーケミックス,4366,化学,東証2部
大伸化学,4629,化学,東証JASDAQスタンダード
日本デコラックス,7950,化学,名証2部
エス・ディー・エスバイオテック,4952,化学,東証2部
東洋ドライルーブ,4976,化学,東証JASDAQスタンダード
アテクト,4241,化学,東証JASDAQスタンダード
日本色材工業研究所,4920,化学,東証JASDAQスタンダード
天昇電気工業,6776,化学,東証2部
有機合成薬品工業,4531,化学,東証1部
日本ピグメント,4119,化学,東証2部
細谷火工,4274,化学,東証JASDAQスタンダード
ケミプロ化成,4960,化学,東証2部
アトミクス,4625,化学,東証JASDAQスタンダード
昭和化学工業,4990,化学,東証2部
マナック,4364,化学,東証2部
丸東産業,7894,化学,福証
日本ユピカ,7891,化学,東証JASDAQスタンダード
ショーエイコーポレーション,9385,化学,東証JASDAQグロース
丸尾カルシウム,4102,化学,東証2部
クラスターテクノロジー,4240,化学,東証JASDAQグロース
大阪油化工業,4124,化学,東証JASDAQスタンダード
川口化学工業,4361,化学,東証2部
永大化工,7877,化学,東証JASDAQスタンダード
スガイ化学工業,4120,化学,東証2部
ニックス,4243,化学,東証JASDAQスタンダード
旭化学工業,7928,化学,東証JASDAQスタンダード
MICS化学,7899,化学,東証JASDAQスタンダード
ヤマト・インダストリー,7886,化学,東証JASDAQスタンダード
ポバール興業,4247,化学,名証2部
川上塗料,4616,化学,東証2部
サンケイ化学,4995,化学,福証
武田薬品工業,4502,医薬品,東証1部
中外製薬,4519,医薬品,東証1部
アステラス製薬,4503,医薬品,東証1部
大塚ホールディングス,4578,医薬品,東証1部
エーザイ,4523,医薬品,東証1部
第一三共,4568,医薬品,東証1部
塩野義製薬,4507,医薬品,東証1部
小野薬品工業,4528,医薬品,東証1部
田辺三菱製薬,4508,医薬品,東証1部
協和発酵キリン,4151,医薬品,東証1部
大正製薬ホールディングス,4581,医薬品,東証1部
参天製薬,4536,医薬品,東証1部
大日本住友製薬,4506,医薬品,東証1部
久光製薬,4530,医薬品,東証1部
日本新薬,4516,医薬品,東証1部
ペプチドリーム,4587,医薬品,東証1部
ロート製薬,4527,医薬品,東証1部
科研製薬,4521,医薬品,東証1部
ツムラ,4540,医薬品,東証1部
沢井製薬,4555,医薬品,東証1部
そーせいグループ,4565,医薬品,東証マザーズ
キッセイ薬品工業,4547,医薬品,東証1部
持田製薬,4534,医薬品,東証1部
JCRファーマ,4552,医薬品,東証1部
キョーリン製薬ホールディングス,4569,医薬品,東証1部
サンバイオ,4592,医薬品,東証マザーズ
ゼリア新薬工業,4559,医薬品,東証1部
栄研化学,4549,医薬品,東証1部
東和薬品,4553,医薬品,東証1部
日医工,4541,医薬品,東証1部
生化学工業,4548,医薬品,東証1部
ヘリオス,4593,医薬品,東証マザーズ
鳥居薬品,4551,医薬品,東証1部
ジーエヌアイグループ,2160,医薬品,東証マザーズ
富士製薬工業,4554,医薬品,東証1部
あすか製薬,4514,医薬品,東証1部
アンジェス,4563,医薬品,東証マザーズ
ダイト,4577,医薬品,東証1部
ビオフェルミン製薬,4517,医薬品,東証1部
日水製薬,4550,医薬品,東証1部
ソレイジア・ファーマ,4597,医薬品,東証マザーズ
大幸薬品,4574,医薬品,東証1部
オンコセラピー・サイエンス,4564,医薬品,東証マザーズ
ラクオリア創薬,4579,医薬品,東証JASDAQグロース
ナノキャリア,4571,医薬品,東証マザーズ
メディシノバ・インク,4875,医薬品,東証JASDAQスタンダード
扶桑薬品工業,4538,医薬品,東証1部
ジーンテクノサイエンス,4584,医薬品,東証マザーズ
ブライトパス・バイオ,4594,医薬品,東証マザーズ
日本ケミファ,4539,医薬品,東証1部
窪田製薬ホールディングス,4596,医薬品,東証マザーズ
ミズホメディー,4595,医薬品,東証JASDAQスタンダード
デ・ウエスタン・セラピテクス研究所,4576,医薬品,東証JASDAQグロース
森下仁丹,4524,医薬品,東証2部
シンバイオ製薬,4582,医薬品,東証JASDAQグロース
医学生物学研究所,4557,医薬品,東証JASDAQスタンダード
カルナバイオサイエンス,4572,医薬品,東証JASDAQグロース
わかもと製薬,4512,医薬品,東証1部
メドレックス,4586,医薬品,東証マザーズ
カイオム・バイオサイエンス,4583,医薬品,東証マザーズ
オンコリスバイオファーマ,4588,医薬品,東証マザーズ
リボミック,4591,医薬品,東証マザーズ
UMNファーマ,4585,医薬品,東証マザーズ
免疫生物研究所,4570,医薬品,東証JASDAQグロース
キャンバス,4575,医薬品,東証マザーズ
中京医薬品,4558,医薬品,東証JASDAQスタンダード
カイノス,4556,医薬品,東証JASDAQスタンダード
JXTGホールディングス,5020,石油・石炭,東証1部
出光興産,5019,石油・石炭,東証1部
昭和シェル石油,5002,石油・石炭,東証1部
コスモエネルギーホールディングス,5021,石油・石炭,東証1部
ビーピー・カストロール,5015,石油・石炭,東証1部
富士石油,5017,石油・石炭,東証1部
ニチレキ,5011,石油・石炭,東証1部
日本コークス工業,3315,石油・石炭,東証1部
ユシロ化学工業,5013,石油・石炭,東証1部
東亜石油,5008,石油・石炭,東証2部
MORESCO,5018,石油・石炭,東証1部
日本精蝋,5010,石油・石炭,東証2部
ブリヂストン,5108,ゴム製品,東証1部
住友ゴム工業,5110,ゴム製品,東証1部
横浜ゴム,5101,ゴム製品,東証1部
東洋ゴム工業,5105,ゴム製品,東証1部
ニッタ,5186,ゴム製品,東証1部
住友理工,5191,ゴム製品,東証1部
オカモト,5122,ゴム製品,東証1部
三ツ星ベルト,5192,ゴム製品,東証1部
バンドー化学,5195,ゴム製品,東証1部
西川ゴム工業,5161,ゴム製品,東証2部
ニチリン,5184,ゴム製品,東証2部
藤倉ゴム工業,5121,ゴム製品,東証1部
フコク,5185,ゴム製品,東証1部
相模ゴム工業,5194,ゴム製品,東証2部
昭和ホールディングス,5103,ゴム製品,東証2部
朝日ラバー,5162,ゴム製品,東証JASDAQスタンダード
櫻護謨,5189,ゴム製品,東証2部
不二ラテックス,5199,ゴム製品,東証JASDAQスタンダード
日東化工,5104,ゴム製品,東証2部
新日鐵住金,5401,鉄鋼,東証1部
ジェイエフイーホールディングス,5411,鉄鋼,東証1部
日立金属,5486,鉄鋼,東証1部
神戸製鋼所,5406,鉄鋼,東証1部
丸一鋼管,5463,鉄鋼,東証1部
大同特殊鋼,5471,鉄鋼,東証1部
大和工業,5444,鉄鋼,東証1部
日新製鋼,5413,鉄鋼,東証1部
東京製鐵,5423,鉄鋼,東証1部
淀川製鋼所,5451,鉄鋼,東証1部
大阪製鐵,5449,鉄鋼,東証1部
山陽特殊製鋼,5481,鉄鋼,東証1部
共英製鋼,5440,鉄鋼,東証1部
愛知製鋼,5482,鉄鋼,東証1部
新日本電工,5563,鉄鋼,東証1部
大平洋金属,5541,鉄鋼,東証1部
東洋鋼鈑,5453,鉄鋼,東証1部
中山製鋼所,5408,鉄鋼,東証1部
三菱製鋼,5632,鉄鋼,東証1部
合同製鐵,5410,鉄鋼,東証1部
日本冶金工業,5480,鉄鋼,東証1部
日本精線,5659,鉄鋼,東証1部
栗本鐵工所,5602,鉄鋼,東証1部
モリ工業,5464,鉄鋼,東証1部
中部鋼鈑,5461,鉄鋼,名証1部
シンニッタン,6319,鉄鋼,東証1部
東京鐵鋼,5445,鉄鋼,東証1部
東北特殊鋼,5484,鉄鋼,東証JASDAQスタンダード
日本金属,5491,鉄鋼,東証1部
日亜鋼業,5658,鉄鋼,東証1部
パウダーテック,5695,鉄鋼,東証JASDAQスタンダード
日本高周波鋼業,5476,鉄鋼,東証1部
新家工業,7305,鉄鋼,東証1部
エンビプロ・ホールディングス,5698,鉄鋼,東証2部
中央可鍛工業,5607,鉄鋼,名証2部
朝日工業,5456,鉄鋼,東証JASDAQスタンダード
神鋼鋼線工業,5660,鉄鋼,東証2部
新報国製鉄,5542,鉄鋼,東証JASDAQスタンダード
川金ホールディングス,5614,鉄鋼,東証2部
日本鋳造,5609,鉄鋼,東証2部
メタルアート,5644,鉄鋼,東証2部
虹技,5603,鉄鋼,東証1部
北越メタル,5446,鉄鋼,東証2部
日本鋳鉄管,5612,鉄鋼,東証1部
サンユウ,5697,鉄鋼,東証2部
高砂鐵工,5458,鉄鋼,東証2部
大和重工,5610,鉄鋼,東証2部
住友電気工業,5802,非鉄金属,東証1部
住友金属鉱山,5713,非鉄金属,東証1部
三菱マテリアル,5711,非鉄金属,東証1部
古河電気工業,5801,非鉄金属,東証1部
三井金属鉱業,5706,非鉄金属,東証1部
フジクラ,5803,非鉄金属,東証1部
DOWAホールディングス,5714,非鉄金属,東証1部
日本軽金属ホールディングス,5703,非鉄金属,東証1部
UACJ,5741,非鉄金属,東証1部
リョービ,5851,非鉄金属,東証1部
古河機械金属,5715,非鉄金属,東証1部
東邦亜鉛,5707,非鉄金属,東証1部
東邦チタニウム,5727,非鉄金属,東証1部
アサヒホールディングス,5857,非鉄金属,東証1部
大阪チタニウムテクノロジーズ,5726,非鉄金属,東証1部
タツタ電線,5809,非鉄金属,東証1部
大紀アルミニウム工業所,5702,非鉄金属,東証1部
昭和電線ホールディングス,5805,非鉄金属,東証1部
CKサンエツ,5757,非鉄金属,東証2部
アーレスティ,5852,非鉄金属,東証1部
平河ヒューテック,5821,非鉄金属,東証1部
東京特殊電線,5807,非鉄金属,東証1部
カナレ電気,5819,非鉄金属,東証1部
沖電線,5815,非鉄金属,東証1部
エヌアイシ・オートテック,5742,非鉄金属,東証JASDAQスタンダード
日本精鉱,5729,非鉄金属,東証2部
エス・サイエンス,5721,非鉄金属,東証1部
中外鉱業,1491,非鉄金属,東証2部
FCM,5758,非鉄金属,東証JASDAQスタンダード
オーナンバ,5816,非鉄金属,東証2部
アサカ理研,5724,非鉄金属,東証JASDAQスタンダード
日本伸銅,5753,非鉄金属,東証2部
東邦金属,5781,非鉄金属,東証2部
JMACS,5817,非鉄金属,東証2部
JMC,5704,非鉄金属,東証マザーズ
三ッ星,5820,非鉄金属,東証JASDAQスタンダード
LIXILグループ,5938,金属製品,東証1部
SUMCO,3436,金属製品,東証1部
リンナイ,5947,金属製品,東証1部
東洋製罐グループホールディングス,5901,金属製品,東証1部
三和ホールディングス,5929,金属製品,東証1部
日本発條,5991,金属製品,東証1部
東プレ,5975,金属製品,東証1部
パイオラックス,5988,金属製品,東証1部
横河ブリッジホールディングス,5911,金属製品,東証1部
ノーリツ,5943,金属製品,東証1部
ジーテクト,5970,金属製品,東証1部
長府製作所,5946,金属製品,東証1部
文化シヤッター,5930,金属製品,東証1部
トーカロ,3433,金属製品,東証1部
RSTechnologies,3445,金属製品,東証1部
三益半導体工業,8155,金属製品,東証1部
岡部,5959,金属製品,東証1部
高周波熱錬,5976,金属製品,東証1部
三協立山,5932,金属製品,東証1部
エイチワン,5989,金属製品,東証1部
マルゼン,5982,金属製品,東証2部
コロナ,5909,金属製品,東証1部
川田テクノロジーズ,3443,金属製品,東証1部
立川ブラインド工業,7989,金属製品,東証1部
ホッカンホールディングス,5902,金属製品,東証1部
イハラサイエンス,5999,金属製品,東証JASDAQスタンダード
東京製綱,5981,金属製品,東証1部
日東精工,5957,金属製品,東証1部
アルインコ,5933,金属製品,東証1部
稲葉製作所,3421,金属製品,東証1部
サンコール,5985,金属製品,東証1部
アルファ,3434,金属製品,東証1部
中央発條,5992,金属製品,東証1部
日本フイルコン,5942,金属製品,東証1部
宮地エンジニアリンググループ,3431,金属製品,東証1部
モリテックスチール,5986,金属製品,東証1部
フジマック,5965,金属製品,東証2部
川岸工業,5921,金属製品,東証2部
天龍製鋸,5945,金属製品,東証JASDAQスタンダード
ダイニチ工業,5951,金属製品,東証1部
ケー・エフ・シー,3420,金属製品,東証2部
瀧上工業,5918,金属製品,東証2部
アドバネクス,5998,金属製品,東証1部
JFEコンテイナー,5907,金属製品,東証2部
兼房,5984,金属製品,東証2部
駒井ハルテック,5915,金属製品,東証1部
不二サッシ,5940,金属製品,東証2部
ヤマシナ,5955,金属製品,東証2部
菊池製作所,3444,金属製品,東証JASDAQスタンダード
サンコーテクノ,3435,金属製品,東証2部
中西製作所,5941,金属製品,東証2部
共和工業所,5971,金属製品,東証JASDAQスタンダード
ファインシンター,5994,金属製品,東証2部
丸順,3422,金属製品,名証2部
エスイー,3423,金属製品,東証JASDAQスタンダード
知多鋼業,5993,金属製品,名証2部
三洋工業,5958,金属製品,東証1部
高田機工,5923,金属製品,東証1部
シンポ,5903,金属製品,東証JASDAQスタンダード
エムケー精工,5906,金属製品,東証JASDAQスタンダード
イワブチ,5983,金属製品,東証JASDAQスタンダード
カネソウ,5979,金属製品,名証2部
トーソー,5956,金属製品,東証2部
TONE,5967,金属製品,東証2部
日創プロニティ,3440,金属製品,福証Q-Board
オーネックス,5987,金属製品,東証JASDAQスタンダード
ダイケン,5900,金属製品,東証JASDAQスタンダード
山王,3441,金属製品,東証JASDAQスタンダード
京都機械工具,5966,金属製品,東証2部
アルメタックス,5928,金属製品,東証2部
アトムリビンテック,3426,金属製品,東証JASDAQスタンダード
那須電機鉄工,5922,金属製品,東証2部
日本パワーファスニング,5950,金属製品,東証2部
スーパーツール,5990,金属製品,東証JASDAQスタンダード
協立エアテック,5997,金属製品,東証JASDAQスタンダード
三ツ知,3439,金属製品,東証JASDAQスタンダード
ミヤコ,3424,金属製品,東証JASDAQスタンダード
東洋シヤッター,5936,金属製品,東証1部
トーアミ,5973,金属製品,東証2部
特殊電極,3437,金属製品,東証JASDAQスタンダード
大谷工業,5939,金属製品,東証JASDAQスタンダード
ネポン,7985,金属製品,東証2部
元旦ビューティ工業,5935,金属製品,東証JASDAQスタンダード
中国工業,5974,金属製品,東証1部
ロブテックス,5969,金属製品,東証2部
中央ビルト工業,1971,金属製品,東証2部
昭和鉄工,5953,金属製品,福証
アマテイ,5952,金属製品,東証2部
日本製罐,5905,金属製品,東証2部
東洋刃物,5964,金属製品,東証2部
MIEコーポレーション,3442,金属製品,名証2部
ダイキン工業,6367,機械,東証1部
小松製作所,6301,機械,東証1部
SMC,6273,機械,東証1部
クボタ,6326,機械,東証1部
三菱重工業,7011,機械,東証1部
マキタ,6586,機械,東証1部
日本精工,6471,機械,東証1部
ディスコ,6146,機械,東証1部
日立建機,6305,機械,東証1部
ダイフク,6383,機械,東証1部
ホシザキ,6465,機械,東証1部
ジェイテクト,6473,機械,東証1部
ハーモニック・ドライブ・システムズ,6324,機械,東証JASDAQスタンダード
IHI,7013,機械,東証1部
住友重機械工業,6302,機械,東証1部
アマダホールディングス,6113,機械,東証1部
THK,6481,機械,東証1部
ナブテスコ,6268,機械,東証1部
荏原製作所,6361,機械,東証1部
栗田工業,6370,機械,東証1部
三浦工業,6005,機械,東証1部
セガサミーホールディングス,6460,機械,東証1部
ユニバーサルエンターテインメント,6425,機械,東証JASDAQスタンダード
SANKYO,6417,機械,東証1部
DMG森精機,6141,機械,東証1部
グローリー,6457,機械,東証1部
NTN,6472,機械,東証1部
島精機製作所,6222,機械,東証1部
日本製鋼所,5631,機械,東証1部
オークマ,6103,機械,東証1部
タダノ,6395,機械,東証1部
アマノ,6436,機械,東証1部
オーエスジー,6136,機械,東証1部
富士機械製造,6134,機械,東証1部
平和,6412,機械,東証1部
不二越,6474,機械,東証1部
CKD,6407,機械,東証1部
椿本チエイン,6371,機械,東証1部
三井海洋開発,6269,機械,東証1部
フジテック,6406,機械,東証1部
牧野フライス製作所,6135,機械,東証1部
TPR,6463,機械,東証1部
タクマ,6013,機械,東証1部
澁谷工業,6340,機械,東証1部
竹内製作所,6432,機械,東証1部
平田機工,6258,機械,東証1部
東芝機械,6104,機械,東証1部
サトーホールディングス,6287,機械,東証1部
福島工業,6420,機械,東証1部
オプトラン,6235,機械,東証1部
日精エー・エス・ビー機械,6284,機械,東証1部
ツバキ・ナカシマ,6464,機械,東証1部
アイダエンジニアリング,6118,機械,東証1部
イーグル工業,6486,機械,東証1部
日立造船,7004,機械,東証1部
理想科学工業,6413,機械,東証1部
小森コーポレーション,6349,機械,東証1部
ユニオンツール,6278,機械,東証1部
日特エンジニアリング,6145,機械,東証JASDAQスタンダード
キッツ,6498,機械,東証1部
スター精密,7718,機械,東証1部
ヤマシンフィルタ,6240,機械,東証1部
ニューフレアテクノロジー,6256,機械,東証JASDAQスタンダード
技研製作所,6289,機械,東証1部
新東工業,6339,機械,東証1部
ツガミ,6101,機械,東証1部
ソディック,6143,機械,東証1部
マックス,6454,機械,東証1部
オイレス工業,6282,機械,東証1部
やまびこ,6250,機械,東証1部
旭ダイヤモンド工業,6140,機械,東証1部
大和冷機工業,6459,機械,東証1部
リケン,6462,機械,東証1部
月島機械,6332,機械,東証1部
ホソカワミクロン,6277,機械,東証1部
アイチコーポレーション,6345,機械,東証1部
井関農機,6310,機械,東証1部
サンデンホールディングス,6444,機械,東証1部
日東工器,6151,機械,東証1部
日本トムソン,6480,機械,東証1部
新晃工業,6458,機械,東証1部
JUKI,6440,機械,東証1部
マースエンジニアリング,6419,機械,東証1部
鶴見製作所,6351,機械,東証1部
TOWA,6315,機械,東証1部
ユーシン精機,6482,機械,東証1部
アネスト岩田,6381,機械,東証1部
レオン自動機,6272,機械,東証1部
大豊工業,6470,機械,東証1部
キトー,6409,機械,東証1部
ローツェ,6323,機械,東証1部
トーヨーカネツ,6369,機械,東証1部
日本ピラー工業,6490,機械,東証1部
ヒラノテクシード,6245,機械,東証2部
日阪製作所,6247,機械,東証1部
ニッセイ,6271,機械,東証2部
オルガノ,6368,機械,東証1部
加藤製作所,6390,機械,東証1部
日精樹脂工業,6293,機械,東証1部
中野冷機,6411,機械,東証JASDAQスタンダード
北越工業,6364,機械,東証1部
酉島製作所,6363,機械,東証1部
日本金銭機械,6418,機械,東証1部
帝国電機製作所,6333,機械,東証1部
中村超硬,6166,機械,東証マザーズ
日進工具,6157,機械,東証1部
神鋼環境ソリューション,6299,機械,東証2部
フリュー,6238,機械,東証1部
パンチ工業,6165,機械,東証1部
北川鉄工所,6317,機械,東証1部
藤商事,6257,機械,東証JASDAQスタンダード
瑞光,6279,機械,東証2部
フロイント産業,6312,機械,東証JASDAQスタンダード
ダイコク電機,6430,機械,東証1部
イワキ,6237,機械,東証2部
タツモ,6266,機械,東証JASDAQスタンダード
新川,6274,機械,東証1部
前澤給装工業,6485,機械,東証1部
冨士ダイス,6167,機械,東証1部
三精テクノロジーズ,6357,機械,東証2部
豊和工業,6203,機械,東証1部
巴工業,6309,機械,東証1部
石川製作所,6208,機械,東証1部
前田製作所,6281,機械,東証JASDAQスタンダード
ゲームカード・ジョイコホールディングス,6249,機械,東証JASDAQスタンダード
小田原エンジニアリング,6149,機械,東証JASDAQスタンダード
住友精密工業,6355,機械,東証1部
東洋機械金属,6210,機械,東証1部
ペガサスミシン製造,6262,機械,東証1部
酒井重工業,6358,機械,東証1部
日本ピストンリング,6461,機械,東証1部
日工,6306,機械,東証1部
西部電機,6144,機械,東証2部
トリニティ工業,6382,機械,東証2部
三菱化工機,6331,機械,東証1部
マルマエ,6264,機械,東証マザーズ
岡本工作機械製作所,6125,機械,東証2部
蛇の目ミシン工業,6445,機械,東証1部
テクノスマート,6246,機械,東証2部
大同工業,6373,機械,東証1部
オカダアイヨン,6294,機械,東証1部
KVK,6484,機械,東証JASDAQスタンダード
鈴茂器工,6405,機械,東証JASDAQスタンダード
昭和真空,6384,機械,東証JASDAQスタンダード
タクミナ,6322,機械,東証2部
タカキタ,6325,機械,東証1部
中北製作所,6496,機械,東証2部
滝澤鉄工所,6121,機械,東証1部
黒田精工,7726,機械,東証2部
川重冷熱工業,6414,機械,東証JASDAQスタンダード
高松機械工業,6155,機械,東証2部
津田駒工業,6217,機械,東証1部
荏原実業,6328,機械,東証1部
小池酸素工業,6137,機械,東証2部
油研工業,6393,機械,東証1部
石井表記,6336,機械,東証2部
木村化工機,6378,機械,東証1部
オーイズミ,6428,機械,東証1部
ミクロン精密,6159,機械,東証JASDAQスタンダード
マミヤ・オーピー,7991,機械,東証2部
フリージア・マクロス,6343,機械,東証2部
テセック,6337,機械,東証JASDAQスタンダード
サムコ,6387,機械,東証1部
野村マイクロ・サイエンス,6254,機械,東証JASDAQスタンダード
OKK,6205,機械,東証1部
エスティック,6161,機械,東証2部
丸山製作所,6316,機械,東証1部
ワイエイシイホールディングス,6298,機械,東証1部
宮入バルブ製作所,6495,機械,東証2部
放電精密加工研究所,6469,機械,東証JASDAQスタンダード
電業社機械製作所,6365,機械,東証2部
カワタ,6292,機械,東証2部
エンシュウ,6218,機械,東証1部
ササクラ,6303,機械,東証2部
太陽工機,6164,機械,東証JASDAQスタンダード
小倉クラッチ,6408,機械,東証JASDAQスタンダード
前澤工業,6489,機械,東証1部
日本ドライケミカル,1909,機械,東証1部
ハマイ,6497,機械,東証JASDAQスタンダード
日本エアーテック,6291,機械,東証1部
ヨシタケ,6488,機械,東証JASDAQスタンダード
水道機工,6403,機械,東証JASDAQスタンダード
兼松エンジニアリング,6402,機械,東証2部
旭精機工業,6111,機械,名証2部
ヤマダコーポレーション,6392,機械,東証2部
アピックヤマダ,6300,機械,東証2部
エーワン精密,6156,機械,東証JASDAQスタンダード
ダイベア,6478,機械,東証2部
富士精工,6142,機械,名証2部
ミューチュアル,2773,機械,東証JASDAQスタンダード
日本ギア工業,6356,機械,東証2部
石井鐵工所,6362,機械,東証1部
富士変速機,6295,機械,名証2部
靜甲,6286,機械,東証JASDAQスタンダード
和井田製作所,6158,機械,東証JASDAQスタンダード
ニチダイ,6467,機械,東証JASDAQスタンダード
ダイジェット工業,6138,機械,東証1部
浜井産業,6131,機械,東証2部
鉱研工業,6297,機械,東証JASDAQスタンダード
明治機械,6334,機械,東証2部
東京機械製作所,6335,機械,東証1部
NCホールディングス,6236,機械,東証1部
岡野バルブ製造,6492,機械,東証2部
エヌ・ピー・シー,6255,機械,東証マザーズ
加地テック,6391,機械,東証2部
妙徳,6265,機械,東証JASDAQスタンダード
不二精機,6400,機械,東証JASDAQスタンダード
ニッチツ,7021,機械,東証2部
高見沢サイバネティックス,6424,機械,東証JASDAQスタンダード
タカトリ,6338,機械,東証2部
キクカワエンタープライズ,6346,機械,東証2部
太平製作所,6342,機械,東証2部
タケダ機械,6150,機械,東証JASDAQスタンダード
ナガオカ,6239,機械,東証JASDAQスタンダード
ゼネラルパッカー,6267,機械,東証JASDAQスタンダード
北川精機,6327,機械,東証JASDAQスタンダード
プラコー,6347,機械,東証JASDAQスタンダード
NFKホールディングス,6494,機械,東証JASDAQスタンダード
東亜バルブエンジニアリング,6466,機械,東証2部
ヒーハイスト精工,6433,機械,東証JASDAQスタンダード
赤阪鐵工所,6022,機械,東証2部
宇野澤組鐵工所,6396,機械,東証2部
石井工作研究所,6314,機械,東証JASDAQスタンダード
サンセイ,6307,機械,東証2部
桂川電機,6416,機械,東証JASDAQスタンダード
セコニックホールディングス,7758,機械,東証2部
東京自働機械製作所,6360,機械,東証2部
ヤマザキ,6147,機械,東証JASDAQスタンダード
ナビタス,6276,機械,東証JASDAQスタンダード
オリエンタルチエン工業,6380,機械,東証2部
横田製作所,6248,機械,東証JASDAQスタンダード
中日本鋳工,6439,機械,名証2部
小島鉄工所,6112,機械,東証2部
キーエンス,6861,電気機器,東証1部
ソニー,6758,電気機器,東証1部
キヤノン,7751,電気機器,東証1部
ファナック,6954,電気機器,東証1部
日本電産,6594,電気機器,東証1部
日立製作所,6501,電気機器,東証1部
三菱電機,6503,電気機器,東証1部
パナソニック,6752,電気機器,東証1部
東京エレクトロン,8035,電気機器,東証1部
村田製作所,6981,電気機器,東証1部
京セラ,6971,電気機器,東証1部
ルネサスエレクトロニクス,6723,電気機器,東証1部
東芝,6502,電気機器,東証2部
シャープ,6753,電気機器,東証1部
シスメックス,6869,電気機器,東証1部
富士通,6702,電気機器,東証1部
オムロン,6645,電気機器,東証1部
ローム,6963,電気機器,東証1部
安川電機,6506,電気機器,東証1部
小糸製作所,7276,電気機器,東証1部
TDK,6762,電気機器,東証1部
セイコーエプソン,6724,電気機器,東証1部
ミネベアミツミ,6479,電気機器,東証1部
スタンレー電気,6923,電気機器,東証1部
日本電気,6701,電気機器,東証1部
リコー,7752,電気機器,東証1部
ブラザー工業,6448,電気機器,東証1部
ヒロセ電機,6806,電気機器,東証1部
アルプス電気,6770,電気機器,東証1部
浜松ホトニクス,6965,電気機器,東証1部
富士電機,6504,電気機器,東証1部
横河電機,6841,電気機器,東証1部
コニカミノルタ,4902,電気機器,東証1部
SCREENホールディングス,7735,電気機器,東証1部
アドバンテスト,6857,電気機器,東証1部
カシオ計算機,6952,電気機器,東証1部
マブチモーター,6592,電気機器,東証1部
アズビル,6845,電気機器,東証1部
アルバック,6728,電気機器,東証1部
日立国際電気,6756,電気機器,東証1部
堀場製作所,6856,電気機器,東証1部
日清紡ホールディングス,3105,電気機器,東証1部
富士通ゼネラル,6755,電気機器,東証1部
日本光電工業,6849,電気機器,東証1部
イビデン,4062,電気機器,東証1部
ジーエス・ユアサコーポレーション,6674,電気機器,東証1部
ウシオ電機,6925,電気機器,東証1部
太陽誘電,6976,電気機器,東証1部
東芝テック,6588,電気機器,東証1部
日本航空電子工業,6807,電気機器,東証1部
アンリツ,6754,電気機器,東証1部
アルパイン,6816,電気機器,東証1部
OBARA　GROUP,6877,電気機器,東証1部
イリソ電子工業,6908,電気機器,東証1部
フクダ電子,6960,電気機器,東証JASDAQスタンダード
日新電機,6641,電気機器,東証1部
ジャパンディスプレイ,6740,電気機器,東証1部
ダイヘン,6622,電気機器,東証1部
沖電気工業,6703,電気機器,東証1部
レーザーテック,6920,電気機器,東証1部
マクセルホールディングス,6810,電気機器,東証1部
EIZO,6737,電気機器,東証1部
能美防災,6744,電気機器,東証1部
新光電気工業,6967,電気機器,東証1部
クラリオン,6796,電気機器,東証1部
ホシデン,6804,電気機器,東証1部
ニチコン,6996,電気機器,東証1部
ヤーマン,6630,電気機器,東証1部
キヤノン電子,7739,電気機器,東証1部
山洋電気,6516,電気機器,東証1部
明電舎,6508,電気機器,東証1部
エレコム,6750,電気機器,東証1部
双葉電子工業,6986,電気機器,東証1部
ワコム,6727,電気機器,東証1部
オプテックスグループ,6914,電気機器,東証1部
市光工業,7244,電気機器,東証1部
サンケン電気,6707,電気機器,東証1部
メルコホールディングス,6676,電気機器,東証1部
KOA,6999,電気機器,東証1部
三井ハイテック,6966,電気機器,東証1部
新電元工業,6844,電気機器,東証1部
エンプラス,6961,電気機器,東証1部
フェローテックホールディングス,6890,電気機器,東証JASDAQスタンダード
IDEC,6652,電気機器,東証1部
パイオニア,6773,電気機器,東証1部
日本信号,6741,電気機器,東証1部
日本セラミック,6929,電気機器,東証1部
象印マホービン,7965,電気機器,東証2部
日東工業,6651,電気機器,東証1部
フォスター電機,6794,電気機器,東証1部
メガチップス,6875,電気機器,東証1部
ミツバ,7280,電気機器,東証1部
ホーチキ,6745,電気機器,東証1部
コーセル,6905,電気機器,東証1部
タムラ製作所,6768,電気機器,東証1部
ダブル・スコープ,6619,電気機器,東証1部
エスペック,6859,電気機器,東証1部
アオイ電子,6832,電気機器,東証2部
シンフォニアテクノロジー,6507,電気機器,東証1部
日本シイエムケイ,6958,電気機器,東証1部
FDK,6955,電気機器,東証2部
日本電子,6951,電気機器,東証1部
MCJ,6670,電気機器,東証2部
日本ケミコン,6997,電気機器,東証1部
メイコー,6787,電気機器,東証JASDAQスタンダード
JVCケンウッド,6632,電気機器,東証1部
スミダコーポレーション,6817,電気機器,東証1部
TOA,6809,電気機器,東証1部
第一精工,6640,電気機器,東証1部
山一電機,6941,電気機器,東証1部
ユー・エム・シー・エレクトロニクス,6615,電気機器,東証1部
富士通フロンテック,6945,電気機器,東証2部
日本マイクロニクス,6871,電気機器,東証1部
SMK,6798,電気機器,東証1部
電気興業,6706,電気機器,東証1部
デンヨー,6517,電気機器,東証1部
日本トリム,6788,電気機器,東証1部
図研,6947,電気機器,東証1部
京三製作所,6742,電気機器,東証1部
日置電機,6866,電気機器,東証1部
大崎電気工業,6644,電気機器,東証1部
アイコム,6820,電気機器,東証1部
千代田インテグレ,6915,電気機器,東証1部
ローランドディー.ジー.,6789,電気機器,東証1部
新日本無線,6911,電気機器,東証1部
芝浦電子,6957,電気機器,東証JASDAQスタンダード
古河電池,6937,電気機器,東証1部
アイホン,6718,電気機器,東証1部
ミマキエンジニアリング,6638,電気機器,東証1部
愛知電機,6623,電気機器,名証1部
ヨコオ,6800,電気機器,東証1部
船井電機,6839,電気機器,東証1部
東光高岳,6617,電気機器,東証1部
指月電機製作所,6994,電気機器,東証2部
本多通信工業,6826,電気機器,東証1部
リオン,6823,電気機器,東証1部
オーデリック,6889,電気機器,東証JASDAQスタンダード
古野電気,6814,電気機器,東証1部
ユーシン,6985,電気機器,東証1部
キョウデン,6881,電気機器,東証2部
ヘリオステクノホールディング,6927,電気機器,東証1部
芝浦メカトロニクス,6590,電気機器,東証1部
エスケーエレクトロニクス,6677,電気機器,東証JASDAQスタンダード
東亜ディーケーケー,6848,電気機器,東証1部
三社電機製作所,6882,電気機器,東証2部
宮越ホールディングス,6620,電気機器,東証1部
北川工業,6896,電気機器,名証2部
寺崎電気産業,6637,電気機器,東証JASDAQスタンダード
ヴィスコ・テクノロジーズ,6698,電気機器,東証JASDAQスタンダード
ユニデンホールディングス,6815,電気機器,東証1部
新コスモス電機,6824,電気機器,東証JASDAQスタンダード
東洋電機製造,6505,電気機器,東証1部
SEMITEC,6626,電気機器,東証JASDAQスタンダード
遠藤照明,6932,電気機器,東証1部
KIホールディングス,6747,電気機器,東証2部
アバールデータ,6918,電気機器,東証JASDAQスタンダード
シーシーエス,6669,電気機器,東証JASDAQスタンダード
精工技研,6834,電気機器,東証JASDAQスタンダード
テクノメディカ,6678,電気機器,東証1部
エヌエフ回路設計ブロック,6864,電気機器,東証JASDAQスタンダード
チノー,6850,電気機器,東証1部
オンキヨー,6628,電気機器,東証JASDAQスタンダード
原田工業,6904,電気機器,東証2部
アイ・オー・データ機器,6916,電気機器,東証1部
日本電波工業,6779,電気機器,東証1部
北陸電気工業,6989,電気機器,東証1部
サン電子,6736,電気機器,東証JASDAQスタンダード
アドテックプラズマテクノロジー,6668,電気機器,東証2部
トレックス・セミコンダクター,6616,電気機器,東証2部
大真空,6962,電気機器,東証1部
santec,6777,電気機器,東証JASDAQスタンダード
ASTI,6899,電気機器,東証2部
コンテック,6639,電気機器,東証2部
鈴木,6785,電気機器,東証1部
岡谷電機産業,6926,電気機器,東証1部
ザインエレクトロニクス,6769,電気機器,東証JASDAQスタンダード
正興電機製作所,6653,電気機器,東証2部
明星電気,6709,電気機器,東証2部
田淵電機,6624,電気機器,東証1部
MUTOHホールディングス,7999,電気機器,東証1部
ティアック,6803,電気機器,東証1部
岩崎電気,6924,電気機器,東証1部
富士通コンポーネント,6719,電気機器,東証2部
共和電業,6853,電気機器,東証1部
帝国通信工業,6763,電気機器,東証1部
池上通信機,6771,電気機器,東証1部
サクサホールディングス,6675,電気機器,東証1部
双信電機,6938,電気機器,東証1部
戸上電機製作所,6643,電気機器,東証2部
テラプローブ,6627,電気機器,東証マザーズ
エノモト,6928,電気機器,東証JASDAQスタンダード
協立電機,6874,電気機器,東証JASDAQスタンダード
オリジン電気,6513,電気機器,東証1部
ダイヤモンド電機,6895,電気機器,東証2部
菊水電子工業,6912,電気機器,東証JASDAQスタンダード
かわでん,6648,電気機器,東証JASDAQスタンダード
テクノホライゾン・ホールディングス,6629,電気機器,東証JASDAQスタンダード
ケル,6919,電気機器,東証JASDAQスタンダード
日本フェンオール,6870,電気機器,東証2部
大同信号,6743,電気機器,東証2部
シライ電子工業,6658,電気機器,東証JASDAQスタンダード
日本アンテナ,6930,電気機器,東証JASDAQスタンダード
大泉製作所,6618,電気機器,東証マザーズ
ナカヨ,6715,電気機器,東証1部
ニレコ,6863,電気機器,東証JASDAQスタンダード
不二電機工業,6654,電気機器,東証1部
澤藤電機,6901,電気機器,東証1部
アルチザネットワークス,6778,電気機器,東証2部
アクセル,6730,電気機器,東証1部
小野測器,6858,電気機器,東証1部
京写,6837,電気機器,東証JASDAQスタンダード
ピクセラ,6731,電気機器,東証2部
ぷらっとホーム,6836,電気機器,東証2部
岩崎通信機,6704,電気機器,東証1部
ジオマテック,6907,電気機器,東証JASDAQスタンダード
ツインバード工業,6897,電気機器,東証2部
エルナー,6972,電気機器,東証2部
日本アビオニクス,6946,電気機器,東証2部
ソルガム・ジャパン・ホールディングス,6636,電気機器,東証JASDAQスタンダード
三相電機,6518,電気機器,東証JASDAQスタンダード
日本タングステン,6998,電気機器,東証2部
アライドテレシスホールディングス,6835,電気機器,東証2部
トランザス,6696,電気機器,東証マザーズ
ユビテック,6662,電気機器,東証JASDAQスタンダード
ズーム,6694,電気機器,東証JASDAQスタンダード
西芝電機,6591,電気機器,東証2部
エイアンドティー,6722,電気機器,東証JASDAQスタンダード
ネクスグループ,6634,電気機器,東証JASDAQスタンダード
日本電子材料,6855,電気機器,東証1部
サンコー,6964,電気機器,東証2部
星和電機,6748,電気機器,東証2部
東洋電機,6655,電気機器,名証2部
C＆Gシステムズ,6633,電気機器,東証2部
TBグループ,6775,電気機器,東証2部
NKKスイッチズ,6943,電気機器,東証JASDAQスタンダード
OSGコーポレーション,6757,電気機器,東証JASDAQスタンダード
多摩川ホールディングス,6838,電気機器,東証JASDAQスタンダード
大井電気,6822,電気機器,東証JASDAQスタンダード
東京コスモス電機,6772,電気機器,東証2部
オプトエレクトロニクス,6664,電気機器,東証JASDAQスタンダード
太洋工業,6663,電気機器,東証JASDAQスタンダード
Abalance,3856,電気機器,東証マザーズ
ミナトホールディングス,6862,電気機器,東証JASDAQスタンダード
名古屋電機工業,6797,電気機器,名証2部
インスペック,6656,電気機器,東証2部
リーダー電子,6867,電気機器,東証JASDAQスタンダード
リバーエレテック,6666,電気機器,東証JASDAQスタンダード
森尾電機,6647,電気機器,東証2部
AKIBAホールディングス,6840,電気機器,東証JASDAQスタンダード
メディアリンクス,6659,電気機器,東証JASDAQスタンダード
テクノ・セブン,6852,電気機器,東証JASDAQスタンダード
パルステック工業,6894,電気機器,東証2部
大日光・エンジニアリング,6635,電気機器,東証JASDAQスタンダード
ウインテスト,6721,電気機器,東証2部
松尾電機,6969,電気機器,東証2部
ニューテック,6734,電気機器,東証JASDAQスタンダード
テクニカル電子,6716,電気機器,東証JASDAQスタンダード
日本抵抗器製作所,6977,電気機器,東証2部
トミタ電機,6898,電気機器,東証JASDAQスタンダード
中央製作所,6846,電気機器,名証2部
テックポイント・インク,6697,電気機器,東証マザーズ
トヨタ自動車,7203,輸送用機器,東証1部
本田技研工業,7267,輸送用機器,東証1部
デンソー,6902,輸送用機器,東証1部
日産自動車,7201,輸送用機器,東証1部
スズキ,7269,輸送用機器,東証1部
SUBARU,7270,輸送用機器,東証1部
豊田自動織機,6201,輸送用機器,東証1部
アイシン精機,7259,輸送用機器,東証1部
いすゞ自動車,7202,輸送用機器,東証1部
シマノ,7309,輸送用機器,東証1部
ヤマハ発動機,7272,輸送用機器,東証1部
三菱自動車工業,7211,輸送用機器,東証1部
マツダ,7261,輸送用機器,東証1部
日野自動車,7205,輸送用機器,東証1部
川崎重工業,7012,輸送用機器,東証1部
NOK,7240,輸送用機器,東証1部
トヨタ紡織,3116,輸送用機器,東証1部
豊田合成,7282,輸送用機器,東証1部
テイ・エステック,7313,輸送用機器,東証1部
東海理化電機製作所,6995,輸送用機器,東証1部
日産車体,7222,輸送用機器,東証1部
エクセディ,7278,輸送用機器,東証1部
KYB,7242,輸送用機器,東証1部
ケーヒン,7251,輸送用機器,東証1部
エフ・シー・シー,7296,輸送用機器,東証1部
ユニプレス,5949,輸送用機器,東証1部
日信工業,7230,輸送用機器,東証1部
日本精機,7287,輸送用機器,東証2部
三井造船,7003,輸送用機器,東証1部
武蔵精密工業,7220,輸送用機器,東証1部
新明和工業,7224,輸送用機器,東証1部
ハイレックスコーポレーション,7279,輸送用機器,東証2部
太平洋工業,7250,輸送用機器,東証1部
ショーワ,7274,輸送用機器,東証1部
モリタホールディングス,6455,輸送用機器,東証1部
フタバ産業,7241,輸送用機器,東証1部
極東開発工業,7226,輸送用機器,東証1部
愛三工業,7283,輸送用機器,東証1部
トピー工業,7231,輸送用機器,東証1部
三菱ロジスネクスト,7105,輸送用機器,東証1部
タチエス,7239,輸送用機器,東証1部
プレス工業,7246,輸送用機器,東証1部
ジャムコ,7408,輸送用機器,東証1部
河西工業,7256,輸送用機器,東証1部
ヨロズ,7294,輸送用機器,東証1部
大同メタル工業,7245,輸送用機器,東証1部
日本車輌製造,7102,輸送用機器,東証1部
昭和飛行機工業,7404,輸送用機器,東証2部
名村造船所,7014,輸送用機器,東証1部
IJTテクノロジーホールディングス,7315,輸送用機器,東証2部
曙ブレーキ工業,7238,輸送用機器,東証1部
村上開明堂,7292,輸送用機器,東証2部
ユタカ技研,7229,輸送用機器,東証JASDAQスタンダード
富士機工,7260,輸送用機器,東証1部
八千代工業,7298,輸送用機器,東証JASDAQスタンダード
ティラド,7236,輸送用機器,東証1部
エフテック,7212,輸送用機器,東証1部
安永,7271,輸送用機器,東証1部
三櫻工業,6584,輸送用機器,東証1部
今仙電機製作所,7266,輸送用機器,東証1部
ミクニ,7247,輸送用機器,東証1部
ダイハツディーゼル,6023,輸送用機器,東証2部
近畿車輛,7122,輸送用機器,東証1部
日本プラスト,7291,輸送用機器,東証1部
芦森工業,3526,輸送用機器,東証1部
TBK,7277,輸送用機器,東証1部
東京ラヂエーター製造,7235,輸送用機器,東証2部
ファルテック,7215,輸送用機器,東証1部
ムロコーポレーション,7264,輸送用機器,東証JASDAQスタンダード
日鍛バルブ,6493,輸送用機器,東証2部
ウェッズ,7551,輸送用機器,東証JASDAQスタンダード
レシップホールディングス,7213,輸送用機器,東証1部
GMB,7214,輸送用機器,東証1部
フジオーゼックス,7299,輸送用機器,東証2部
サノヤスホールディングス,7022,輸送用機器,東証1部
カーメイト,7297,輸送用機器,東証JASDAQスタンダード
田中精密工業,7218,輸送用機器,東証JASDAQスタンダード
ユニバンス,7254,輸送用機器,東証2部
阪神内燃機工業,6018,輸送用機器,東証2部
カネミツ,7208,輸送用機器,東証2部
ニッキ,6042,輸送用機器,東証2部
アスカ,7227,輸送用機器,名証2部
ナンシン,7399,輸送用機器,東証JASDAQスタンダード
盟和産業,7284,輸送用機器,東証1部
テイン,7217,輸送用機器,東証JASDAQスタンダード
エイケン工業,7265,輸送用機器,東証JASDAQスタンダード
デイトナ,7228,輸送用機器,東証JASDAQスタンダード
内海造船,7018,輸送用機器,東証2部
尾張精機,7249,輸送用機器,名証2部
ジャパンエンジンコーポレーション,6016,輸送用機器,東証2部
エッチ・ケー・エス,7219,輸送用機器,東証JASDAQスタンダード
小田原機器,7314,輸送用機器,東証JASDAQスタンダード
タツミ,7268,輸送用機器,東証JASDAQスタンダード
桜井製作所,7255,輸送用機器,東証JASDAQスタンダード
イクヨ,7273,輸送用機器,東証2部
リード,6982,輸送用機器,東証2部
HOYA,7741,精密機器,東証1部
テルモ,4543,精密機器,東証1部
オリンパス,7733,精密機器,東証1部
ニコン,7731,精密機器,東証1部
島津製作所,7701,精密機器,東証1部
朝日インテック,7747,精密機器,東証2部
ニプロ,8086,精密機器,東証1部
CYBERDYNE,7779,精密機器,東証マザーズ
シチズン時計,7762,精密機器,東証1部
トプコン,7732,精密機器,東証1部
東京精密,7729,精密機器,東証1部
ナカニシ,7716,精密機器,東証JASDAQスタンダード
セイコーホールディングス,8050,精密機器,東証1部
マニー,7730,精密機器,東証1部
メニコン,7780,精密機器,東証1部
ブイ・テクノロジー,7717,精密機器,東証1部
日機装,6376,精密機器,東証1部
ノーリツ鋼機,7744,精密機器,東証1部
タムロン,7740,精密機器,東証1部
理研計器,7734,精密機器,東証1部
ジャパン・ティッシュ・エンジニアリング,7774,精密機器,東証JASDAQグロース
メディキット,7749,精密機器,東証JASDAQスタンダード
シード,7743,精密機器,東証1部
長野計器,7715,精密機器,東証1部
大研医器,7775,精密機器,東証1部
東京計器,7721,精密機器,東証1部
松風,7979,精密機器,東証1部
ジーエルサイエンス,7705,精密機器,東証2部
愛知時計電機,7723,精密機器,東証1部
リズム時計工業,7769,精密機器,東証1部
川澄化学工業,7703,精密機器,東証2部
エー・アンド・デイ,7745,精密機器,東証1部
スリー・ディー・マトリックス,7777,精密機器,東証JASDAQグロース
国際計測器,7722,精密機器,東証JASDAQスタンダード
JMS,7702,精密機器,東証1部
プレシジョン・システム・サイエンス,7707,精密機器,東証マザーズ
シグマ光機,7713,精密機器,東証JASDAQスタンダード
クリエートメディック,5187,精密機器,東証1部
IMV,7760,精密機器,東証JASDAQスタンダード
インターアクション,7725,精密機器,東証1部
ジェコー,7768,精密機器,東証2部
クボテック,7709,精密機器,東証1部
オーバル,7727,精密機器,東証1部
シンシア,7782,精密機器,東証1部
助川電気工業,7711,精密機器,東証JASDAQスタンダード
セルシード,7776,精密機器,東証JASDAQグロース
岡本硝子,7746,精密機器,東証JASDAQスタンダード
日本精密,7771,精密機器,東証JASDAQスタンダード
平山ホールディングス,7781,精密機器,東証JASDAQスタンダード
東京衡機,7719,精密機器,東証2部
ホロン,7748,精密機器,東証JASDAQスタンダード
任天堂,7974,その他製品,東証1部
バンダイナムコホールディングス,7832,その他製品,東証1部
大日本印刷,7912,その他製品,東証1部
ヤマハ,7951,その他製品,東証1部
凸版印刷,7911,その他製品,東証1部
ピジョン,7956,その他製品,東証1部
アシックス,7936,その他製品,東証1部
コクヨ,7984,その他製品,東証1部
パイロットコーポレーション,7846,その他製品,東証1部
リンテック,7966,その他製品,東証1部
フジシールインターナショナル,7864,その他製品,東証1部
岡村製作所,7994,その他製品,東証1部
NISSHA,7915,その他製品,東証1部
パラマウントベッドホールディングス,7817,その他製品,東証1部
三菱鉛筆,7976,その他製品,東証1部
タカラトミー,7867,その他製品,東証1部
トッパン・フォームズ,7862,その他製品,東証1部
タカラスタンダード,7981,その他製品,東証1部
美津濃,8022,その他製品,東証1部
大建工業,7905,その他製品,東証1部
ヨネックス,7906,その他製品,東証2部
SHOEI,7839,その他製品,東証1部
前田工繊,7821,その他製品,東証1部
プロネクサス,7893,その他製品,東証1部
ダンロップスポーツ,7825,その他製品,東証1部
フランスベッドホールディングス,7840,その他製品,東証1部
ツツミ,7937,その他製品,東証1部
イトーキ,7972,その他製品,東証1部
図書印刷,7913,その他製品,東証1部
アーク,7873,その他製品,東証1部
ニホンフラッシュ,7820,その他製品,東証1部
フルヤ金属,7826,その他製品,東証JASDAQスタンダード
共同印刷,7914,その他製品,東証1部
キングジム,7962,その他製品,東証1部
クリナップ,7955,その他製品,東証1部
萩原工業,7856,その他製品,東証1部
トランザクション,7818,その他製品,東証1部
オリバー,7959,その他製品,名証2部
アートネイチャー,7823,その他製品,東証1部
永大産業,7822,その他製品,東証1部
小松ウオール工業,7949,その他製品,東証1部
グローブライド,7990,その他製品,東証1部
河合楽器製作所,7952,その他製品,東証1部
宝印刷,7921,その他製品,東証1部
ノダ,7879,その他製品,東証2部
ナカバヤシ,7987,その他製品,東証1部
ブロッコリー,2706,その他製品,東証JASDAQスタンダード
スノーピーク,7816,その他製品,東証1部
タカノ,7885,その他製品,東証1部
共立印刷,7838,その他製品,東証1部
サマンサタバサジャパンリミテッド,7829,その他製品,東証マザーズ
中本パックス,7811,その他製品,東証1部
ウッドワン,7898,その他製品,東証1部
コマニー,7945,その他製品,東証2部
幸和製作所,7807,その他製品,東証JASDAQスタンダード
ニッピ,7932,その他製品,東証JASDAQスタンダード
As-meエステール,7872,その他製品,東証1部
興研,7963,その他製品,東証JASDAQスタンダード
クロスフォー,7810,その他製品,東証JASDAQスタンダード
日本創発グループ,7814,その他製品,東証JASDAQスタンダード
廣済堂,7868,その他製品,東証1部
リーガルコーポレーション,7938,その他製品,東証JASDAQスタンダード
ピープル,7865,その他製品,東証JASDAQスタンダード
サンメッセ,7883,その他製品,東証JASDAQスタンダード
兼松サステック,7961,その他製品,東証1部
重松製作所,7980,その他製品,東証JASDAQスタンダード
光村印刷,7916,その他製品,東証1部
壽屋,7809,その他製品,東証JASDAQスタンダード
セキ,7857,その他製品,東証JASDAQスタンダード
遠藤製作所,7841,その他製品,東証JASDAQスタンダード
桑山,7889,その他製品,東証JASDAQスタンダード
竹田印刷,7875,その他製品,名証2部
ミロク,7983,その他製品,東証2部
アイフィスジャパン,7833,その他製品,東証1部
南海プライウッド,7887,その他製品,東証2部
菊水化学工業,7953,その他製品,東証2部
ソノコム,7902,その他製品,東証JASDAQスタンダード
SHO-BI,7819,その他製品,東証1部
東京ボード工業,7815,その他製品,東証2部
ホクシン,7897,その他製品,東証1部
アールシーコア,7837,その他製品,東証JASDAQスタンダード
ウイルコホールディングス,7831,その他製品,東証2部
グラファイトデザイン,7847,その他製品,東証JASDAQスタンダード
野崎印刷紙業,7919,その他製品,東証2部
トーイン,7923,その他製品,東証JASDAQスタンダード
クレステック,7812,その他製品,東証JASDAQスタンダード
リヒトラブ,7975,その他製品,東証2部
日本アイ・エス・ケイ,7986,その他製品,東証JASDAQスタンダード
三光産業,7922,その他製品,東証JASDAQスタンダード
フジコピアン,7957,その他製品,東証2部
マルマン,7834,その他製品,東証JASDAQスタンダード
アビックス,7836,その他製品,東証JASDAQスタンダード
シー・エス・ランバー,7808,その他製品,東証JASDAQスタンダード
セブン工業,7896,その他製品,東証2部
セーラー万年筆,7992,その他製品,東証2部
プラッツ,7813,その他製品,東証マザーズ
福島印刷,7870,その他製品,名証2部
くろがね工作所,7997,その他製品,東証2部
総合商研,7850,その他製品,東証JASDAQスタンダード
光陽社,7946,その他製品,東証2部
カワセコンピュータサプライ,7851,その他製品,東証2部
浅香工業,5962,その他製品,東証2部
アルメディオ,7859,その他製品,東証2部
オービス,7827,その他製品,東証JASDAQスタンダード
研創,7939,その他製品,東証JASDAQスタンダード
平賀,7863,その他製品,東証JASDAQスタンダード
カーディナル,7855,その他製品,東証JASDAQグロース
マツモト,7901,その他製品,東証JASDAQスタンダード
日本フォームサービス,7869,その他製品,東証JASDAQスタンダード
光・彩,7878,その他製品,東証JASDAQスタンダード
関西電力,9503,電気・ガス,東証1部
東京瓦斯,9531,電気・ガス,東証1部
中部電力,9502,電気・ガス,東証1部
大阪瓦斯,9532,電気・ガス,東証1部
東北電力,9506,電気・ガス,東証1部
東京電力ホールディングス,9501,電気・ガス,東証1部
電源開発,9513,電気・ガス,東証1部
九州電力,9508,電気・ガス,東証1部
中国電力,9504,電気・ガス,東証1部
東邦瓦斯,9533,電気・ガス,東証1部
四国電力,9507,電気・ガス,東証1部
北陸電力,9505,電気・ガス,東証1部
北海道電力,9509,電気・ガス,東証1部
沖縄電力,9511,電気・ガス,東証1部
西部瓦斯,9536,電気・ガス,東証1部
メタウォーター,9551,電気・ガス,東証1部
静岡ガス,9543,電気・ガス,東証1部
イーレックス,9517,電気・ガス,東証1部
京葉瓦斯,9539,電気・ガス,東証2部
北海道瓦斯,9534,電気・ガス,東証1部
エフオン,9514,電気・ガス,東証1部
広島ガス,9535,電気・ガス,東証1部
レノバ,9519,電気・ガス,東証マザーズ
北陸瓦斯,9537,電気・ガス,東証2部
東日本旅客鉄道,9020,陸運業,東証1部
東海旅客鉄道,9022,陸運業,東証1部
西日本旅客鉄道,9021,陸運業,東証1部
阪急阪神ホールディングス,9042,陸運業,東証1部
東京急行電鉄,9005,陸運業,東証1部
ヤマトホールディングス,9064,陸運業,東証1部
小田急電鉄,9007,陸運業,東証1部
近鉄グループホールディングス,9041,陸運業,東証1部
東武鉄道,9001,陸運業,東証1部
日本通運,9062,陸運業,東証1部
西武ホールディングス,9024,陸運業,東証1部
SGホールディングス,9143,陸運業,東証1部
京王電鉄,9008,陸運業,東証1部
京成電鉄,9009,陸運業,東証1部
京浜急行電鉄,9006,陸運業,東証1部
九州旅客鉄道,9142,陸運業,東証1部
名古屋鉄道,9048,陸運業,東証1部
京阪ホールディングス,9045,陸運業,東証1部
セイノーホールディングス,9076,陸運業,東証1部
日立物流,9086,陸運業,東証1部
山九,9065,陸運業,東証1部
南海電気鉄道,9044,陸運業,東証1部
相鉄ホールディングス,9003,陸運業,東証1部
西日本鉄道,9031,陸運業,東証1部
福山通運,9075,陸運業,東証1部
ニッコンホールディングス,9072,陸運業,東証1部
富士急行,9010,陸運業,東証1部
センコーグループホールディングス,9069,陸運業,東証1部
丸和運輸機関,9090,陸運業,東証1部
サカイ引越センター,9039,陸運業,東証1部
鴻池運輸,9025,陸運業,東証1部
山陽電気鉄道,9052,陸運業,東証1部
ハマキョウレックス,9037,陸運業,東証1部
トナミホールディングス,9070,陸運業,東証1部
丸全昭和運輸,9068,陸運業,東証1部
神奈川中央交通,9081,陸運業,東証1部
SBSホールディングス,2384,陸運業,東証1部
C＆Fロジホールディングス,9099,陸運業,東証1部
第一交通産業,9035,陸運業,福証
アルプス物流,9055,陸運業,東証2部
神戸電鉄,9046,陸運業,東証1部
広島電鉄,9033,陸運業,東証2部
ゼロ,9028,陸運業,東証2部
神姫バス,9083,陸運業,東証2部
新京成電鉄,9014,陸運業,東証1部
名鉄運輸,9077,陸運業,名証2部
北海道中央バス,9085,陸運業,札証
カンダホールディングス,9059,陸運業,東証2部
日本石油輸送,9074,陸運業,東証1部
ロジネットジャパン,9027,陸運業,札証
エスライン,9078,陸運業,東証2部
遠州トラック,9057,陸運業,東証JASDAQスタンダード
丸運,9067,陸運業,東証1部
新潟交通,9017,陸運業,東証2部
岡山県貨物運送,9063,陸運業,東証2部
東部ネットワーク,9036,陸運業,東証JASDAQスタンダード
南総通運,9034,陸運業,東証JASDAQスタンダード
京福電気鉄道,9049,陸運業,東証2部
ヒガシトゥエンティワン,9029,陸運業,東証2部
大和自動車交通,9082,陸運業,東証2部
日本ロジテム,9060,陸運業,東証JASDAQスタンダード
秩父鉄道,9012,陸運業,東証JASDAQスタンダード
センコン物流,9051,陸運業,東証JASDAQスタンダード
大宝運輸,9040,陸運業,名証2部
タカセ,9087,陸運業,東証JASDAQスタンダード
京極運輸商事,9073,陸運業,東証JASDAQスタンダード
日本郵船,9101,海運業,東証1部
商船三井,9104,海運業,東証1部
川崎汽船,9107,海運業,東証1部
飯野海運,9119,海運業,東証1部
NSユナイテッド海運,9110,海運業,東証1部
乾汽船,9308,海運業,東証1部
明治海運,9115,海運業,東証1部
川崎近海汽船,9179,海運業,東証2部
共栄タンカー,9130,海運業,東証1部
栗林商船,9171,海運業,東証2部
東海汽船,9173,海運業,東証2部
東栄リーファーライン,9133,海運業,東証JASDAQスタンダード
佐渡汽船,9176,海運業,東証JASDAQスタンダード
玉井商船,9127,海運業,東証2部
ANAホールディングス,9202,空運業,東証1部
日本航空,9201,空運業,東証1部
パスコ,9232,空運業,東証1部
アジア航測,9233,空運業,東証2部
スターフライヤー,9206,空運業,東証2部
上組,9364,倉庫・運輸,東証1部
三菱倉庫,9301,倉庫・運輸,東証1部
近鉄エクスプレス,9375,倉庫・運輸,東証1部
住友倉庫,9303,倉庫・運輸,東証1部
トランコム,9058,倉庫・運輸,東証1部
日新,9066,倉庫・運輸,東証1部
郵船ロジスティクス,9370,倉庫・運輸,東証1部
三井倉庫ホールディングス,9302,倉庫・運輸,東証1部
名港海運,9357,倉庫・運輸,名証2部
キユーソー流通システム,9369,倉庫・運輸,東証1部
日本トランスシティ,9310,倉庫・運輸,東証1部
澁澤倉庫,9304,倉庫・運輸,東証1部
安田倉庫,9324,倉庫・運輸,東証1部
エーアイテイー,9381,倉庫・運輸,東証1部
宇徳,9358,倉庫・運輸,東証1部
中央倉庫,9319,倉庫・運輸,東証1部
内外トランスライン,9384,倉庫・運輸,東証1部
川西倉庫,9322,倉庫・運輸,東証1部
伊勢湾海運,9359,倉庫・運輸,名証2部
日本コンセプト,9386,倉庫・運輸,東証1部
杉村倉庫,9307,倉庫・運輸,東証2部
キムラユニティー,9368,倉庫・運輸,東証1部
東洋埠頭,9351,倉庫・運輸,東証1部
東陽倉庫,9306,倉庫・運輸,東証1部
エージーピー,9377,倉庫・運輸,東証JASDAQスタンダード
東海運,9380,倉庫・運輸,東証1部
ケイヒン,9312,倉庫・運輸,東証1部
ファイズ,9325,倉庫・運輸,東証マザーズ
東京汽船,9193,倉庫・運輸,東証2部
アサガミ,9311,倉庫・運輸,東証2部
丸八倉庫,9313,倉庫・運輸,東証2部
サンリツ,9366,倉庫・運輸,東証1部
大東港運,9367,倉庫・運輸,東証JASDAQスタンダード
リンコーコーポレーション,9355,倉庫・運輸,東証2部
櫻島埠頭,9353,倉庫・運輸,東証2部
伏木海陸運送,9361,倉庫・運輸,東証2部
大運,9363,倉庫・運輸,東証2部
トレーディア,9365,倉庫・運輸,東証2部
兵機海運,9362,倉庫・運輸,東証2部
日本電信電話,9432,情報・通信業,東証1部
NTTドコモ,9437,情報・通信業,東証1部
ソフトバンクグループ,9984,情報・通信業,東証1部
KDDI,9433,情報・通信業,東証1部
ヤフー,4689,情報・通信業,東証1部
エヌ・ティ・ティ・データ,9613,情報・通信業,東証1部
ネクソン,3659,情報・通信業,東証1部
野村総合研究所,4307,情報・通信業,東証1部
日本オラクル,4716,情報・通信業,東証1部
LINE,3938,情報・通信業,東証1部
コナミホールディングス,9766,情報・通信業,東証1部
トレンドマイクロ,4704,情報・通信業,東証1部
大塚商会,4768,情報・通信業,東証1部
オービック,4684,情報・通信業,東証1部
光通信,9435,情報・通信業,東証1部
東宝,9602,情報・通信業,東証1部
スクウェア・エニックス・ホールディングス,9684,情報・通信業,東証1部
伊藤忠テクノソリューションズ,4739,情報・通信業,東証1部
SCSK,9719,情報・通信業,東証1部
東京放送ホールディングス,9401,情報・通信業,東証1部
日本テレビホールディングス,9404,情報・通信業,東証1部
フジ・メディア・ホールディングス,4676,情報・通信業,東証1部
TIS,3626,情報・通信業,東証1部
GMOペイメントゲートウェイ,3769,情報・通信業,東証1部
ガンホー・オンライン・エンターテイメント,3765,情報・通信業,東証1部
新日鉄住金ソリューションズ,2327,情報・通信業,東証1部
松竹,9601,情報・通信業,東証1部
オービックビジネスコンサルタント,4733,情報・通信業,東証1部
テレビ朝日ホールディングス,9409,情報・通信業,東証1部
コーエーテクモホールディングス,3635,情報・通信業,東証1部
日本ユニシス,8056,情報・通信業,東証1部
カプコン,9697,情報・通信業,東証1部
GMOインターネット,9449,情報・通信業,東証1部
ティーガイア,3738,情報・通信業,東証1部
東映,9605,情報・通信業,東証1部
スカパーJSATホールディングス,9412,情報・通信業,東証1部
グリー,3632,情報・通信業,東証1部
コロプラ,3668,情報・通信業,東証1部
東映アニメーション,4816,情報・通信業,東証JASDAQスタンダード
ネットワンシステムズ,7518,情報・通信業,東証1部
デジタルガレージ,4819,情報・通信業,東証1部
NECネッツエスアイ,1973,情報・通信業,東証1部
ジャストシステム,4686,情報・通信業,東証1部
PKSHA_Technology,3993,情報・通信業,東証マザーズ
ゼンリン,9474,情報・通信業,東証1部
富士ソフト,9749,情報・通信業,東証1部
NSD,9759,情報・通信業,東証1部
沖縄セルラー電話,9436,情報・通信業,東証JASDAQスタンダード
TKC,9746,情報・通信業,東証1部
ミロク情報サービス,9928,情報・通信業,東証1部
コネクシオ,9422,情報・通信業,東証1部
じげん,3679,情報・通信業,東証マザーズ
マクロミル,3978,情報・通信業,東証1部
システナ,2317,情報・通信業,東証1部
カドカワ,9468,情報・通信業,東証1部
WOWOW,4839,情報・通信業,東証1部
兼松エレクトロニクス,8096,情報・通信業,東証1部
インターネットイニシアティブ,3774,情報・通信業,東証1部
DTS,9682,情報・通信業,東証1部
アカツキ,3932,情報・通信業,東証1部
夢の街創造委員会,2484,情報・通信業,東証JASDAQスタンダード
電通国際情報サービス,4812,情報・通信業,東証1部
オープンドア,3926,情報・通信業,東証1部
福井コンピュータホールディングス,9790,情報・通信業,東証1部
インフォコム,4348,情報・通信業,東証JASDAQスタンダード
エイベックス,7860,情報・通信業,東証1部
テレビ東京ホールディングス,9413,情報・通信業,東証1部
KLab,3656,情報・通信業,東証1部
デジタルアーツ,2326,情報・通信業,東証1部
三菱総合研究所,3636,情報・通信業,東証1部
シーイーシー,9692,情報・通信業,東証1部
U-NEXT,9418,情報・通信業,東証1部
アイスタイル,3660,情報・通信業,東証1部
SRAホールディングス,3817,情報・通信業,東証1部
マネーフォワード,3994,情報・通信業,東証マザーズ
インテージホールディングス,4326,情報・通信業,東証1部
フューチャー,4722,情報・通信業,東証1部
エイチーム,3662,情報・通信業,東証1部
マーベラス,7844,情報・通信業,東証1部
ラクス,3923,情報・通信業,東証マザーズ
クレスコ,4674,情報・通信業,東証1部
ブロードリーフ,3673,情報・通信業,東証1部
イマジカ・ロボットホールディングス,6879,情報・通信業,東証1部
学研ホールディングス,9470,情報・通信業,東証1部
テクマトリックス,3762,情報・通信業,東証1部
コムチュア,3844,情報・通信業,東証1部
SHIFT,3697,情報・通信業,東証マザーズ
イーエムシステムズ,4820,情報・通信業,東証1部
メディカル・データ・ビジョン,3902,情報・通信業,東証1部
ヒト・コミュニケーションズ,3654,情報・通信業,東証1部
ユーザベース,3966,情報・通信業,東証マザーズ
ビジョン,9416,情報・通信業,東証1部
ソースネクスト,4344,情報・通信業,東証1部
ハーツユナイテッドグループ,3676,情報・通信業,東証1部
ソフトバンク・テクノロジー,4726,情報・通信業,東証1部
セゾン情報システムズ,9640,情報・通信業,東証JASDAQスタンダード
ラック,3857,情報・通信業,東証JASDAQスタンダード
オークネット,3964,情報・通信業,東証1部
日本システムウエア,9739,情報・通信業,東証1部
ポールトゥウィン・ピットクルーホールディングス,3657,情報・通信業,東証1部
ウェザーニューズ,4825,情報・通信業,東証1部
東北新社,2329,情報・通信業,東証JASDAQスタンダード
ACCESS,4813,情報・通信業,東証マザーズ
サインポスト,3996,情報・通信業,東証マザーズ
エムティーアイ,9438,情報・通信業,東証1部
フィックスターズ,3687,情報・通信業,東証1部
朝日放送,9405,情報・通信業,東証1部
ソフトウェア・サービス,3733,情報・通信業,東証JASDAQスタンダード
創通,3711,情報・通信業,東証JASDAQスタンダード
アルゴグラフィックス,7595,情報・通信業,東証1部
アルファシステムズ,4719,情報・通信業,東証1部
リミックスポイント,3825,情報・通信業,東証2部
ドリコム,3793,情報・通信業,東証マザーズ
オプティム,3694,情報・通信業,東証1部
クルーズ,2138,情報・通信業,東証JASDAQスタンダード
プロトコーポレーション,4298,情報・通信業,東証JASDAQスタンダード
ソリトンシステムズ,3040,情報・通信業,東証1部
JIG-SAW,3914,情報・通信業,東証マザーズ
アイネス,9742,情報・通信業,東証1部
東計電算,4746,情報・通信業,東証1部
FFRI,3692,情報・通信業,東証マザーズ
ディジタルメディアプロフェッショナル,3652,情報・通信業,東証マザーズ
gumi,3903,情報・通信業,東証1部
さくらインターネット,3778,情報・通信業,東証1部
AOI_TYOホールディングス,3975,情報・通信業,東証1部
UUUM,3990,情報・通信業,東証マザーズ
アエリア,3758,情報・通信業,東証JASDAQスタンダード
GMOクラウド,3788,情報・通信業,東証1部
アイネット,9600,情報・通信業,東証1部
メディアドゥホールディングス,3678,情報・通信業,東証1部
サイボウズ,4776,情報・通信業,東証1部
フリービット,3843,情報・通信業,東証1部
チェンジ,3962,情報・通信業,東証マザーズ
イグニス,3689,情報・通信業,東証マザーズ
カイカ,2315,情報・通信業,東証JASDAQスタンダード
豆蔵ホールディングス,3756,情報・通信業,東証1部
モルフォ,3653,情報・通信業,東証マザーズ
ビリングシステム,3623,情報・通信業,東証マザーズ
アイティフォー,4743,情報・通信業,東証1部
カナミックネットワーク,3939,情報・通信業,東証マザーズ
ウォンテッドリー,3991,情報・通信業,東証マザーズ
セレス,3696,情報・通信業,東証1部
CACホールディングス,4725,情報・通信業,東証1部
ダブルスタンダード,3925,情報・通信業,東証マザーズ
中部日本放送,9402,情報・通信業,名証1部
アドバンスト・メディア,3773,情報・通信業,東証マザーズ
ジャステック,9717,情報・通信業,東証1部
サイバネットシステム,4312,情報・通信業,東証1部
コア,2359,情報・通信業,東証1部
ディー・ディー・エス,3782,情報・通信業,東証マザーズ
日本BS放送,9414,情報・通信業,東証1部
ベルパーク,9441,情報・通信業,東証JASDAQスタンダード
電算システム,3630,情報・通信業,東証1部
エニグモ,3665,情報・通信業,東証マザーズ
テラスカイ,3915,情報・通信業,東証マザーズ
ソフトクリエイトホールディングス,3371,情報・通信業,東証1部
エヌ・デーソフトウェア,3794,情報・通信業,東証2部
シェアリングテクノロジー,3989,情報・通信業,東証マザーズ
シンクロ・フード,3963,情報・通信業,東証1部
パピレス,3641,情報・通信業,東証JASDAQスタンダード
カヤック,3904,情報・通信業,東証マザーズ
JBCCホールディングス,9889,情報・通信業,東証1部
ベリサーブ,3724,情報・通信業,東証1部
ファインデックス,3649,情報・通信業,東証1部
インフォテリア,3853,情報・通信業,東証マザーズ
JFEシステムズ,4832,情報・通信業,東証2部
ユーザーローカル,3984,情報・通信業,東証マザーズ
Aiming,3911,情報・通信業,東証マザーズ
ソルクシーズ,4284,情報・通信業,東証1部
テクノスジャパン,3666,情報・通信業,東証1部
マークラインズ,3901,情報・通信業,東証JASDAQスタンダード
フェイス,4295,情報・通信業,東証1部
ネオジャパン,3921,情報・通信業,東証マザーズ
eBASE,3835,情報・通信業,東証1部
VOYAGEグループ,3688,情報・通信業,東証1部
プロシップ,3763,情報・通信業,東証1部
インテリジェントウェイブ,4847,情報・通信業,東証JASDAQスタンダード
アイサンテクノロジー,4667,情報・通信業,東証JASDAQスタンダード
オロ,3983,情報・通信業,東証マザーズ
朝日ネット,3834,情報・通信業,東証1部
日本通信,9424,情報・通信業,東証1部
アバント,3836,情報・通信業,東証2部
トーセ,4728,情報・通信業,東証1部
インフォメーション・ディベロプメント,4709,情報・通信業,東証1部
デジタル・インフォメーション・テクノロジー,3916,情報・通信業,東証1部
AGS,3648,情報・通信業,東証1部
エヌアイデイ,2349,情報・通信業,東証JASDAQスタンダード
Ubicomホールディングス,3937,情報・通信業,東証1部
富士通ビー・エス・シー,4793,情報・通信業,東証JASDAQスタンダード
オルトプラス,3672,情報・通信業,東証1部
ユニリタ,3800,情報・通信業,東証JASDAQスタンダード
フォーカスシステムズ,4662,情報・通信業,東証1部
サイバーステップ,3810,情報・通信業,東証2部
CIJ,4826,情報・通信業,東証1部
電算,3640,情報・通信業,東証1部
マイネット,3928,情報・通信業,東証1部
ビジネスブレイン太田昭和,9658,情報・通信業,東証1部
TDCソフト,4687,情報・通信業,東証1部
ワイヤレスゲート,9419,情報・通信業,東証1部
フィスコ,3807,情報・通信業,東証JASDAQグロース
システム情報,3677,情報・通信業,東証JASDAQスタンダード
ASJ,2351,情報・通信業,東証マザーズ
KSK,9687,情報・通信業,東証JASDAQスタンダード
クラウドワークス,3900,情報・通信業,東証マザーズ
RKB毎日放送,9407,情報・通信業,福証
昭文社,9475,情報・通信業,東証1部
ピー・シー・エー,9629,情報・通信業,東証1部
構造計画研究所,4748,情報・通信業,東証JASDAQスタンダード
Minoriソリューションズ,3822,情報・通信業,東証1部
日本アジアグループ,3751,情報・通信業,東証1部
PCIホールディングス,3918,情報・通信業,東証1部
モバイルファクトリー,3912,情報・通信業,東証1部
セック,3741,情報・通信業,東証1部
ソフトブレーン,4779,情報・通信業,東証1部
キューブシステム,2335,情報・通信業,東証1部
日本コンピュータ・ダイナミクス,4783,情報・通信業,東証JASDAQスタンダード
モブキャスト,3664,情報・通信業,東証マザーズ
スカラ,4845,情報・通信業,東証1部
JIEC,4291,情報・通信業,東証2部
ユビキタス,3858,情報・通信業,東証JASDAQスタンダード
アドソル日進,3837,情報・通信業,東証1部
テックファームホールディングス,3625,情報・通信業,東証JASDAQグロース
東邦システムサイエンス,4333,情報・通信業,東証1部
SKIYAKI,3995,情報・通信業,東証マザーズ
ジャパンシステム,9758,情報・通信業,東証JASDAQスタンダード
ハイマックス,4299,情報・通信業,東証1部
セグエグループ,3968,情報・通信業,東証JASDAQスタンダード
enish,3667,情報・通信業,東証1部
ヴィンクス,3784,情報・通信業,東証1部
ブイキューブ,3681,情報・通信業,東証1部
東洋ビジネスエンジニアリング,4828,情報・通信業,東証1部
ジー・スリーホールディングス,3647,情報・通信業,東証2部
ビーグリー,3981,情報・通信業,東証マザーズ
うるる,3979,情報・通信業,東証マザーズ
クロップス,9428,情報・通信業,東証1部
クロス・マーケティンググループ,3675,情報・通信業,東証マザーズ
ディー・エル・イー,3686,情報・通信業,東証1部
ブロードバンドタワー,3776,情報・通信業,東証JASDAQスタンダード
安川情報システム,2354,情報・通信業,東証2部
アズジェント,4288,情報・通信業,東証JASDAQスタンダード
情報企画,3712,情報・通信業,東証2部
エヌ・ティ・ティ・データ・イントラマート,3850,情報・通信業,東証マザーズ
エムアップ,3661,情報・通信業,東証1部
SAMURAI＆J_PARTNERS,4764,情報・通信業,東証JASDAQグロース
旭情報サービス,9799,情報・通信業,東証2部
PR_TIMES,3922,情報・通信業,東証マザーズ
ULSグループ,3798,情報・通信業,東証JASDAQスタンダード
ショーケース・ティービー,3909,情報・通信業,東証1部
エヌジェイホールディングス,9421,情報・通信業,東証JASDAQスタンダード
日本ファルコム,3723,情報・通信業,東証マザーズ
システムソフト,7527,情報・通信業,東証1部
キャピタル・アセット・プランニング,3965,情報・通信業,東証JASDAQスタンダード
アートスパークホールディングス,3663,情報・通信業,東証2部
イマジニア,4644,情報・通信業,東証JASDAQスタンダード
アイドママーケティングコミュニケーション,9466,情報・通信業,東証1部
ナレッジスイート,3999,情報・通信業,東証マザーズ
日本エンタープライズ,4829,情報・通信業,東証1部
エルテス,3967,情報・通信業,東証マザーズ
CRI・ミドルウェア,3698,情報・通信業,東証マザーズ
フォーサイド,2330,情報・通信業,東証JASDAQスタンダード
アルファポリス,9467,情報・通信業,東証マザーズ
スペースシャワーネットワーク,4838,情報・通信業,東証JASDAQスタンダード
パイプドHD,3919,情報・通信業,東証1部
ホットリンク,3680,情報・通信業,東証マザーズ
サイバーコム,3852,情報・通信業,東証1部
ITbook,3742,情報・通信業,東証マザーズ
日本プロセス,9651,情報・通信業,東証JASDAQスタンダード
アイリッジ,3917,情報・通信業,東証マザーズ
日本一ソフトウェア,3851,情報・通信業,東証JASDAQスタンダード
ブレインパッド,3655,情報・通信業,東証1部
クロスキャット,2307,情報・通信業,東証JASDAQスタンダード
ロックオン,3690,情報・通信業,東証マザーズ
IGポート,3791,情報・通信業,東証JASDAQスタンダード
ソーシャルワイヤー,3929,情報・通信業,東証マザーズ
アイル,3854,情報・通信業,東証JASDAQグロース
デジタルアドベンチャー,4772,情報・通信業,東証JASDAQグロース
モバイルクリエイト,3669,情報・通信業,東証1部
システムリサーチ,3771,情報・通信業,東証1部
オークファン,3674,情報・通信業,東証マザーズ
Eストアー,4304,情報・通信業,東証JASDAQスタンダード
ゲンダイエージェンシー,2411,情報・通信業,東証JASDAQスタンダード
トレードワークス,3997,情報・通信業,東証JASDAQスタンダード
GMOペパボ,3633,情報・通信業,東証JASDAQスタンダード
さくらケーシーエス,4761,情報・通信業,東証2部
データセクション,3905,情報・通信業,東証マザーズ
ノムラシステムコーポレーション,3940,情報・通信業,東証JASDAQスタンダード
NCS＆A,9709,情報・通信業,東証2部
ウェルス・マネジメント,3772,情報・通信業,東証2部
日本システム技術,4323,情報・通信業,東証1部
テモナ,3985,情報・通信業,東証マザーズ
エイトレッド,3969,情報・通信業,東証マザーズ
エックスネット,4762,情報・通信業,東証1部
Jストリーム,4308,情報・通信業,東証マザーズ
ガーラ,4777,情報・通信業,東証JASDAQスタンダード
サカイホールディングス,9446,情報・通信業,東証JASDAQスタンダード
ユークス,4334,情報・通信業,東証JASDAQスタンダード
ランドコンピュータ,3924,情報・通信業,東証2部
データ・アプリケーション,3848,情報・通信業,東証JASDAQスタンダード
菱友システムズ,4685,情報・通信業,東証JASDAQスタンダード
ギガプライズ,3830,情報・通信業,名証セントレックス
データホライゾン,3628,情報・通信業,東証マザーズ
サイバーリンクス,3683,情報・通信業,東証1部
フォーバルテレコム,9445,情報・通信業,東証2部
アイレックス,6944,情報・通信業,東証JASDAQスタンダード
アイ・エス・ビー,9702,情報・通信業,東証1部
エンカレッジ・テクノロジ,3682,情報・通信業,東証マザーズ
エイジア,2352,情報・通信業,東証2部
アクロディア,3823,情報・通信業,東証マザーズ
エムケイシステム,3910,情報・通信業,東証JASDAQスタンダード
ベネフィットジャパン,3934,情報・通信業,東証マザーズ
文溪堂,9471,情報・通信業,名証2部
フライトホールディングス,3753,情報・通信業,東証2部
みんなのウェディング,3685,情報・通信業,東証マザーズ
ケイブ,3760,情報・通信業,東証JASDAQスタンダード
ニーズウェル,3992,情報・通信業,東証JASDAQスタンダード
CEホールディングス,4320,情報・通信業,東証1部
アプリックス,3727,情報・通信業,東証マザーズ
エディア,3935,情報・通信業,東証マザーズ
シリコンスタジオ,3907,情報・通信業,東証マザーズ
インプレスホールディングス,9479,情報・通信業,東証1部
スマートバリュー,9417,情報・通信業,東証JASDAQスタンダード
アイエックス・ナレッジ,9753,情報・通信業,東証JASDAQスタンダード
アクセルマーク,3624,情報・通信業,東証マザーズ
アイビーシー,3920,情報・通信業,東証1部
サイオス,3744,情報・通信業,東証2部
バリューゴルフ,3931,情報・通信業,東証マザーズ
ジョルダン,3710,情報・通信業,東証JASDAQスタンダード
シルバーエッグ・テクノロジー,3961,情報・通信業,東証マザーズ
イーブックイニシアティブジャパン,3658,情報・通信業,東証1部
SEホールディングス・アンド・インキュベーションズ,9478,情報・通信業,東証JASDAQスタンダード
メディア工房,3815,情報・通信業,東証マザーズ
新潟放送,9408,情報・通信業,東証JASDAQスタンダード
クエスト,2332,情報・通信業,東証JASDAQスタンダード
ボルテージ,3639,情報・通信業,東証1部
ザッパラス,3770,情報・通信業,東証1部
駅探,3646,情報・通信業,東証マザーズ
ビーマップ,4316,情報・通信業,東証JASDAQグロース
ジオネクスト,3777,情報・通信業,東証JASDAQグロース
キーウェアソリューションズ,3799,情報・通信業,東証2部
日本ラッド,4736,情報・通信業,東証JASDAQスタンダード
クレオ,9698,情報・通信業,東証JASDAQスタンダード
パシフィックシステム,3847,情報・通信業,東証JASDAQスタンダード
エコモット,3987,情報・通信業,札証アンビシャス
オリコン,4800,情報・通信業,東証JASDAQスタンダード
チエル,3933,情報・通信業,東証JASDAQスタンダード
はてな,3930,情報・通信業,東証マザーズ
システムインテグレータ,3826,情報・通信業,東証1部
オウケイウェイヴ,3808,情報・通信業,名証セントレックス
エキサイト,3754,情報・通信業,東証JASDAQスタンダード
両毛システムズ,9691,情報・通信業,東証JASDAQスタンダード
メディアシーク,4824,情報・通信業,東証マザーズ
ビーブレイクシステムズ,3986,情報・通信業,東証マザーズ
リスクモンスター,3768,情報・通信業,東証2部
アルファクス・フード・システム,3814,情報・通信業,東証JASDAQグロース
インフォメーションクリエーティブ,4769,情報・通信業,東証JASDAQスタンダード
ネットイヤーグループ,3622,情報・通信業,東証マザーズ
SYSホールディングス,3988,情報・通信業,東証JASDAQスタンダード
ネクストウェア,4814,情報・通信業,東証JASDAQスタンダード
ドーン,2303,情報・通信業,東証JASDAQスタンダード
すららネット,3998,情報・通信業,東証マザーズ
ファステップス,2338,情報・通信業,東証2部
GMOリサーチ,3695,情報・通信業,東証マザーズ
ネクストジェン,3842,情報・通信業,東証JASDAQグロース
ODKソリューションズ,3839,情報・通信業,東証JASDAQスタンダード
コラボス,3908,情報・通信業,東証マザーズ
ネオス,3627,情報・通信業,東証1部
ソフィアホールディングス,6942,情報・通信業,東証JASDAQスタンダード
トーシン,9444,情報・通信業,東証JASDAQスタンダード
スターツ出版,7849,情報・通信業,東証JASDAQスタンダード
ジャストプランニング,4287,情報・通信業,東証JASDAQスタンダード
昭和システムエンジニアリング,4752,情報・通信業,東証JASDAQスタンダード
ビーイング,4734,情報・通信業,東証JASDAQスタンダード
大和コンピューター,3816,情報・通信業,東証JASDAQスタンダード
sMedio,3913,情報・通信業,東証マザーズ
ジェクシード,3719,情報・通信業,東証JASDAQスタンダード
リアルワールド,3691,情報・通信業,東証マザーズ
テクノマセマティカル,3787,情報・通信業,東証2部
イノベーション,3970,情報・通信業,東証マザーズ
ALBERT,3906,情報・通信業,東証マザーズ
アイフリークモバイル,3845,情報・通信業,東証JASDAQスタンダード
ソフトフロントホールディングス,2321,情報・通信業,東証JASDAQグロース
ソケッツ,3634,情報・通信業,東証マザーズ
アクモス,6888,情報・通信業,東証JASDAQスタンダード
システムディ,3804,情報・通信業,東証JASDAQスタンダード
メディカルネット,3645,情報・通信業,東証マザーズ
グローバルウェイ,3936,情報・通信業,東証マザーズ
図研エルミック,4770,情報・通信業,東証2部
ガイアックス,3775,情報・通信業,名証セントレックス
システムズ・デザイン,3766,情報・通信業,東証JASDAQスタンダード
シャノン,3976,情報・通信業,東証マザーズ
バリューデザイン,3960,情報・通信業,東証マザーズ
アイスタディ,2345,情報・通信業,東証2部
パス,3840,情報・通信業,東証2部
セブンシーズホールディングス,3750,情報・通信業,東証2部
アークン,3927,情報・通信業,東証マザーズ
フォーバル・リアルストレート,9423,情報・通信業,東証JASDAQスタンダード
新華ホールディングス,9399,情報・通信業,東証2部
ティビィシィ・スキヤツト,3974,情報・通信業,東証JASDAQスタンダード
いい生活,3796,情報・通信業,東証2部
ソフトマックス,3671,情報・通信業,東証マザーズ
アンドール,4640,情報・通信業,東証JASDAQスタンダード
鈴与シンワート,9360,情報・通信業,東証2部
協立情報通信,3670,情報・通信業,東証JASDAQスタンダード
コムシード,3739,情報・通信業,名証セントレックス
応用技術,4356,情報・通信業,東証JASDAQスタンダード
ジーダット,3841,情報・通信業,東証JASDAQスタンダード
中央経済社ホールディングス,9476,情報・通信業,東証JASDAQスタンダード
インタートレード,3747,情報・通信業,東証2部
セキュアヴェイル,3042,情報・通信業,東証JASDAQグロース
KYCOMホールディングス,9685,情報・通信業,東証JASDAQスタンダード
fonfun,2323,情報・通信業,東証JASDAQスタンダード
エコミック,3802,情報・通信業,札証アンビシャス
ジェイ・エスコムホールディングス,3779,情報・通信業,東証JASDAQスタンダード
イメージ情報開発,3803,情報・通信業,東証JASDAQグロース
アイ・ピー・エス,4335,情報・通信業,東証JASDAQスタンダード
テスク,4349,情報・通信業,名証2部
日本テレホン,9425,情報・通信業,東証JASDAQスタンダード
フュージョン,3977,情報・通信業,札証アンビシャス
メディアファイブ,3824,情報・通信業,福証Q-Board
日本テクノ・ラボ,3849,情報・通信業,札証アンビシャス
三菱商事,8058,卸売業,東証1部
伊藤忠商事,8001,卸売業,東証1部
三井物産,8031,卸売業,東証1部
住友商事,8053,卸売業,東証1部
豊田通商,8015,卸売業,東証1部
丸紅,8002,卸売業,東証1部
ミスミグループ本社,9962,卸売業,東証1部
日立ハイテクノロジーズ,8036,卸売業,東証1部
アルフレッサホールディングス,2784,卸売業,東証1部
メディパルホールディングス,7459,卸売業,東証1部
スズケン,9987,卸売業,東証1部
キヤノンマーケティングジャパン,8060,卸売業,東証1部
双日,2768,卸売業,東証1部
PALTAC,8283,卸売業,東証1部
第一興商,7458,卸売業,東証1部
長瀬産業,8012,卸売業,東証1部
トラスコ中山,9830,卸売業,東証1部
日本ライフライン,7575,卸売業,東証1部
阪和興業,8078,卸売業,東証1部
日鉄住金物産,9810,卸売業,東証1部
三菱食品,7451,卸売業,東証1部
東邦ホールディングス,8129,卸売業,東証1部
シップヘルスケアホールディングス,3360,卸売業,東証1部
岩谷産業,8088,卸売業,東証1部
オートバックスセブン,9832,卸売業,東証1部
三谷商事,8066,卸売業,東証2部
サンリオ,8136,卸売業,東証1部
加藤産業,9869,卸売業,東証1部
あいホールディングス,3076,卸売業,東証1部
神戸物産,3038,卸売業,東証1部
マクニカ・富士エレホールディングス,3132,卸売業,東証1部
因幡電機産業,9934,卸売業,東証1部
アズワン,7476,卸売業,東証1部
サンゲツ,8130,卸売業,東証1部
兼松,8020,卸売業,東証1部
伊藤忠エネクス,8133,卸売業,東証1部
山善,8051,卸売業,東証1部
TOKAIホールディングス,3167,卸売業,東証1部
リョーサン,8140,卸売業,東証1部
シークス,7613,卸売業,東証1部
三愛石油,8097,卸売業,東証1部
モスフードサービス,8153,卸売業,東証1部
稲畑産業,8098,卸売業,東証1部
ペッパーフードサービス,3053,卸売業,東証1部
黒田電気,7517,卸売業,東証1部
あらた,2733,卸売業,東証1部
正栄食品工業,8079,卸売業,東証1部
ナガイレーベン,7447,卸売業,東証1部
岡谷鋼機,7485,卸売業,名証1部
ユアサ商事,8074,卸売業,東証1部
コメダホールディングス,3543,卸売業,東証1部
加賀電子,8154,卸売業,東証1部
ダイワボウホールディングス,3107,卸売業,東証1部
ドウシシャ,7483,卸売業,東証1部
IDOM,7599,卸売業,東証1部
イエローハット,9882,卸売業,東証1部
伊藤忠食品,2692,卸売業,東証1部
日伝,9902,卸売業,東証1部
ワキタ,8125,卸売業,東証1部
カメイ,8037,卸売業,東証1部
日本紙パルプ商事,8032,卸売業,東証1部
バイタルケーエスケー・ホールディングス,3151,卸売業,東証1部
横浜冷凍,2874,卸売業,東証1部
アルコニックス,3036,卸売業,東証1部
ミツウロコグループホールディングス,8131,卸売業,東証1部
西本Wismettacホールディングス,9260,卸売業,東証1部
エレマテック,2715,卸売業,東証1部
菱洋エレクトロ,8068,卸売業,東証1部
三信電気,8150,卸売業,東証1部
松田産業,7456,卸売業,東証1部
蝶理,8014,卸売業,東証1部
新光商事,8141,卸売業,東証1部
スターゼン,8043,卸売業,東証1部
ハピネット,7552,卸売業,東証1部
立花エレテック,8159,卸売業,東証1部
ジェコス,9991,卸売業,東証1部
歯愛メディカル,3540,卸売業,東証JASDAQスタンダード
伯東,7433,卸売業,東証1部
小野建,7414,卸売業,東証1部
ウイン・パートナーズ,3183,卸売業,東証1部
カナデン,8081,卸売業,東証1部
フィールズ,2767,卸売業,東証1部
菱電商事,8084,卸売業,東証1部
西華産業,8061,卸売業,東証1部
進和,7607,卸売業,東証1部
シナネンホールディングス,8132,卸売業,東証1部
三洋貿易,3176,卸売業,東証1部
第一実業,8059,卸売業,東証1部
泉州電業,9824,卸売業,東証1部
東テク,9960,卸売業,東証1部
JALUX,2729,卸売業,東証1部
トシン・グループ,2761,卸売業,東証JASDAQスタンダード
UKCホールディングス,3156,卸売業,東証1部
エフティグループ,2763,卸売業,東証JASDAQスタンダード
内田洋行,8057,卸売業,東証1部
中央自動車工業,8117,卸売業,東証2部
サンワテクノス,8137,卸売業,東証1部
JKホールディングス,9896,卸売業,東証1部
モリト,9837,卸売業,東証1部
大木ヘルスケアホールディングス,3417,卸売業,東証JASDAQスタンダード
丸文,7537,卸売業,東証1部
トーホー,8142,卸売業,東証1部
シモジマ,7482,卸売業,東証1部
コンドーテック,7438,卸売業,東証1部
テンポスホールディングス,2751,卸売業,東証JASDAQスタンダード
三共生興,8018,卸売業,東証1部
クリヤマホールディングス,3355,卸売業,東証2部
オーハシテクニカ,7628,卸売業,東証1部
神鋼商事,8075,卸売業,東証1部
萩原電気,7467,卸売業,東証1部
佐藤商事,8065,卸売業,東証1部
たけびし,7510,卸売業,東証1部
高速,7504,卸売業,東証1部
ダイトロン,7609,卸売業,東証1部
都築電気,8157,卸売業,東証2部
フルサト工業,8087,卸売業,東証1部
テクノアソシエ,8249,卸売業,東証2部
白銅,7637,卸売業,東証1部
ヤギ,7460,卸売業,東証2部
ヤマタネ,9305,卸売業,東証1部
東陽テクニカ,8151,卸売業,東証1部
バイテックホールディングス,9957,卸売業,東証1部
マルイチ産商,8228,卸売業,名証2部
シャクリー・グローバル・グループ,8205,卸売業,東証JASDAQスタンダード
三谷産業,8285,卸売業,東証1部
ヤマエ久野,8108,卸売業,福証
上原成商事,8148,卸売業,東証2部
清和中央ホールディングス,7531,卸売業,東証JASDAQスタンダード
日本エム・ディ・エム,7600,卸売業,東証1部
エクセル,7591,卸売業,東証1部
堀田丸正,8105,卸売業,東証2部
トーメンデバイス,2737,卸売業,東証1部
フォーバル,8275,卸売業,東証1部
スズデン,7480,卸売業,東証1部
ラクト・ジャパン,3139,卸売業,東証1部
タキヒヨー,9982,卸売業,東証1部
八洲電機,3153,卸売業,東証1部
明治電機工業,3388,卸売業,東証1部
東京エレクトロンデバイス,2760,卸売業,東証1部
アイ・テック,9964,卸売業,東証JASDAQスタンダード
杉本商事,9932,卸売業,東証1部
OCHIホールディングス,3166,卸売業,東証1部
マルカキカイ,7594,卸売業,東証1部
明和産業,8103,卸売業,東証1部
光製作所,8191,卸売業,東証JASDAQスタンダード
ルネサスイーストン,9995,卸売業,東証1部
イノテック,9880,卸売業,東証1部
ほくやく・竹山ホールディングス,3055,卸売業,札証
佐鳥電機,7420,卸売業,東証1部
椿本興業,8052,卸売業,東証1部
小津産業,7487,卸売業,東証1部
ジューテックホールディングス,3157,卸売業,東証1部
大興電子通信,8023,卸売業,東証2部
藤井産業,9906,卸売業,東証JASDAQスタンダード
橋本総業ホールディングス,7570,卸売業,東証1部
ユアサ・フナショク,8006,卸売業,東証2部
イワキ,8095,卸売業,東証1部
SPK,7466,卸売業,東証1部
リックス,7525,卸売業,東証1部
ヨンキュウ,9955,卸売業,東証JASDAQスタンダード
日本電計,9908,卸売業,東証JASDAQスタンダード
ナ・デックス,7435,卸売業,東証JASDAQスタンダード
メディアスホールディングス,3154,卸売業,東証1部
極東貿易,8093,卸売業,東証1部
鳥羽洋行,7472,卸売業,東証JASDAQスタンダード
中山福,7442,卸売業,東証1部
ディーブイエックス,3079,卸売業,東証1部
星医療酸器,7634,卸売業,東証JASDAQスタンダード
イデアインターナショナル,3140,卸売業,東証JASDAQグロース
ソーダニッカ,8158,卸売業,東証1部
東京産業,8070,卸売業,東証1部
昭光通商,8090,卸売業,東証1部
OUGホールディングス,8041,卸売業,東証1部
ハリマ共和物産,7444,卸売業,東証2部
すてきナイスグループ,8089,卸売業,東証1部
ムサシ,7521,卸売業,東証JASDAQスタンダード
ラクーン,3031,卸売業,東証1部
NaITO,7624,卸売業,東証JASDAQスタンダード
南陽,7417,卸売業,東証2部
トーカン,7648,卸売業,名証2部
サトー商会,9996,卸売業,東証JASDAQスタンダード
アイナボホールディングス,7539,卸売業,東証JASDAQスタンダード
五洋インテックス,7519,卸売業,東証JASDAQスタンダード
ヤガミ,7488,卸売業,名証2部
丸藤シートパイル,8046,卸売業,東証2部
カノークス,8076,卸売業,名証2部
蔵王産業,9986,卸売業,東証1部
尾家産業,7481,卸売業,東証1部
ラサ商事,3023,卸売業,東証1部
ミタチ産業,3321,卸売業,東証1部
Misumi,7441,卸売業,福証
中央魚類,8030,卸売業,東証2部
大光,3160,卸売業,東証1部
Nuts,7612,卸売業,東証JASDAQスタンダード
高千穂交易,2676,卸売業,東証1部
ビューティガレージ,3180,卸売業,東証1部
デリカフーズホールディングス,3392,卸売業,東証1部
UEX,9888,卸売業,東証JASDAQスタンダード
ナラサキ産業,8085,卸売業,東証2部
アセンテック,3565,卸売業,東証マザーズ
三栄コーポレーション,8119,卸売業,東証JASDAQスタンダード
GSIクレオス,8101,卸売業,東証1部
西川計測,7500,卸売業,東証JASDAQスタンダード
小林産業,8077,卸売業,東証1部
カワニシホールディングス,2689,卸売業,東証2部
内外テック,3374,卸売業,東証JASDAQスタンダード
高島,8007,卸売業,東証1部
CBグループマネジメント,9852,卸売業,東証JASDAQスタンダード
グリムス,3150,卸売業,東証JASDAQスタンダード
ホウスイ,1352,卸売業,東証1部
電響社,8144,卸売業,東証2部
農業総合研究所,3541,卸売業,東証マザーズ
グリーンクロス,7533,卸売業,福証
スターティア,3393,卸売業,東証1部
クロスプラス,3320,卸売業,東証2部
レカム,3323,卸売業,東証JASDAQスタンダード
レッド・プラネット・ジャパン,3350,卸売業,東証JASDAQスタンダード
PALTEK,7587,卸売業,東証2部
プラマテルズ,2714,卸売業,東証JASDAQスタンダード
シャルレ,9885,卸売業,東証2部
リーバイ・ストラウスジャパン,9836,卸売業,東証JASDAQスタンダード
丸紅建材リース,9763,卸売業,東証1部
太平洋興発,8835,卸売業,東証1部
ジーエフシー,7559,卸売業,東証JASDAQスタンダード
東都水産,8038,卸売業,東証1部
サンリン,7486,卸売業,東証JASDAQスタンダード
ソマール,8152,卸売業,東証2部
東海エレクトロニクス,8071,卸売業,名証2部
黒谷,3168,卸売業,東証2部
北恵,9872,卸売業,東証2部
大阪工機,3173,卸売業,東証1部
タビオ,2668,卸売業,東証2部
シンデン・ハイテックス,3131,卸売業,東証JASDAQスタンダード
オータケ,7434,卸売業,東証JASDAQスタンダード
キムラ,7461,卸売業,東証JASDAQスタンダード
YKT,2693,卸売業,東証JASDAQスタンダード
ニチモウ,8091,卸売業,東証1部
アルテック,9972,卸売業,東証1部
田中商事,7619,卸売業,東証1部
北沢産業,9930,卸売業,東証1部
大丸エナウィン,9818,卸売業,東証2部
コスモ・バイオ,3386,卸売業,東証JASDAQスタンダード
トミタ,8147,卸売業,東証JASDAQスタンダード
協栄産業,6973,卸売業,東証1部
扶桑電通,7505,卸売業,東証2部
INEST,3390,卸売業,東証JASDAQスタンダード
日新商事,7490,卸売業,東証2部
テーオーホールディングス,9812,卸売業,東証JASDAQスタンダード
木徳神糧,2700,卸売業,東証JASDAQスタンダード
タカショー,7590,卸売業,東証2部
神栄,3004,卸売業,東証1部
プロルート丸光,8256,卸売業,東証JASDAQスタンダード
英和,9857,卸売業,東証2部
クワザワ,8104,卸売業,札証
杉田エース,7635,卸売業,東証JASDAQスタンダード
カーチスホールディングス,7602,卸売業,東証2部
ピクセルカンパニーズ,2743,卸売業,東証JASDAQスタンダード
中部水産,8145,卸売業,名証2部
ツカモトコーポレーション,8025,卸売業,東証1部
東京日産コンピュータシステム,3316,卸売業,東証JASDAQスタンダード
アルファグループ,3322,卸売業,東証JASDAQスタンダード
横浜丸魚,8045,卸売業,東証JASDAQスタンダード
ゼット,8135,卸売業,東証2部
テリロジー,3356,卸売業,東証JASDAQスタンダード
富士興産,5009,卸売業,東証1部
ムーンバット,8115,卸売業,東証2部
平和紙業,9929,卸売業,東証2部
ピーバンドットコム,3559,卸売業,東証マザーズ
日邦産業,9913,卸売業,東証JASDAQスタンダード
ハイパー,3054,卸売業,東証JASDAQスタンダード
オーウイル,3143,卸売業,東証2部
石光商事,2750,卸売業,東証JASDAQスタンダード
萬世電機,7565,卸売業,東証2部
アップルインターナショナル,2788,卸売業,東証2部
高見澤,5283,卸売業,東証JASDAQスタンダード
ナガホリ,8139,卸売業,東証2部
三京化成,8138,卸売業,東証2部
大田花き,7555,卸売業,東証JASDAQスタンダード
エコートレーディング,7427,卸売業,東証1部
ポエック,9264,卸売業,東証JASDAQスタンダード
コンセック,9895,卸売業,東証JASDAQスタンダード
アゼアス,3161,卸売業,東証2部
ヤマシタヘルスケアホールディングス,9265,卸売業,東証1部
日本プリメックス,2795,卸売業,東証JASDAQスタンダード
川辺,8123,卸売業,東証JASDAQスタンダード
タイセイ,3359,卸売業,東証マザーズ
カッシーナ・イクスシー,2777,卸売業,東証JASDAQスタンダード
初穂商事,7425,卸売業,東証JASDAQスタンダード
エスケイジャパン,7608,卸売業,東証1部
大都魚類,8044,卸売業,東証2部
久世,2708,卸売業,東証JASDAQスタンダード
日本ライトン,2703,卸売業,東証JASDAQスタンダード
No.1,3562,卸売業,東証JASDAQスタンダード
横浜魚類,7443,卸売業,東証JASDAQスタンダード
昭栄薬品,3537,卸売業,東証JASDAQスタンダード
ソレキア,9867,卸売業,東証JASDAQスタンダード
栄電子,7567,卸売業,東証JASDAQスタンダード
大水,7538,卸売業,東証2部
理経,8226,卸売業,東証2部
バイク王＆カンパニー,3377,卸売業,東証2部
理研グリーン,9992,卸売業,東証JASDAQスタンダード
堺商事,9967,卸売業,東証2部
セフテック,7464,卸売業,東証JASDAQスタンダード
東北化学薬品,7446,卸売業,東証JASDAQスタンダード
共同紙販ホールディングス,9849,卸売業,東証JASDAQスタンダード
築地魚市場,8039,卸売業,東証2部
フーマイスターエレクトロニクス,3165,卸売業,東証JASDAQスタンダード
テクノアルファ,3089,卸売業,東証JASDAQスタンダード
イメージワン,2667,卸売業,東証JASDAQスタンダード
東邦レマック,7422,卸売業,東証JASDAQスタンダード
カワサキ,3045,卸売業,東証2部
アートグリーン,3419,卸売業,名証セントレックス
カネヨウ,3209,卸売業,東証2部
ケイティケイ,3035,卸売業,東証JASDAQスタンダード
クリエイト,3024,卸売業,東証JASDAQスタンダード
植松商会,9914,卸売業,東証JASDAQスタンダード
リリカラ,9827,卸売業,東証JASDAQスタンダード
ティムコ,7501,卸売業,東証JASDAQスタンダード
山大,7426,卸売業,東証JASDAQスタンダード
ジェイホールディングス,2721,卸売業,東証JASDAQスタンダード
新都ホールディングス,2776,卸売業,東証JASDAQスタンダード
日本製麻,3306,卸売業,東証2部
ビューティ花壇,3041,卸売業,東証2部
創健社,7413,卸売業,東証JASDAQスタンダード
ムラキ,7477,卸売業,東証JASDAQスタンダード
愛光電気,9909,卸売業,東証JASDAQスタンダード
東京貴宝,7597,卸売業,東証JASDAQスタンダード
太洋物産,9941,卸売業,東証JASDAQスタンダード
日本出版貿易,8072,卸売業,東証JASDAQスタンダード
タカチホ,8225,卸売業,東証JASDAQスタンダード
アマガサ,3070,卸売業,東証JASDAQグロース
アークコア,3384,卸売業,名証セントレックス
名古屋木材,7903,卸売業,名証2部
TRUCK-ONE,3047,卸売業,福証Q-Board
ファーストリテイリング,9983,小売業,東証1部
セブン＆アイ・ホールディングス,3382,小売業,東証1部
ニトリホールディングス,9843,小売業,東証1部
イオン,8267,小売業,東証1部
スタートトゥデイ,3092,小売業,東証1部
ユニー・ファミリーマートホールディングス,8028,小売業,東証1部
良品計画,7453,小売業,東証1部
ドンキホーテホールディングス,7532,小売業,東証1部
ローソン,2651,小売業,東証1部
ツルハホールディングス,3391,小売業,東証1部
サンドラッグ,9989,小売業,東証1部
日本マクドナルドホールディングス,2702,小売業,東証JASDAQスタンダード
ヤマダ電機,9831,小売業,東証1部
J.フロントリテイリング,3086,小売業,東証1部
エービーシー・マート,2670,小売業,東証1部
三越伊勢丹ホールディングス,3099,小売業,東証1部
マツモトキヨシホールディングス,3088,小売業,東証1部
セリア,2782,小売業,東証JASDAQスタンダード
ウエルシアホールディングス,3141,小売業,東証1部
イズミ,8273,小売業,東証1部
しまむら,8227,小売業,東証1部
コスモス薬品,3349,小売業,東証1部
丸井グループ,8252,小売業,東証1部
MonotaRO,3064,小売業,東証1部
高島屋,8233,小売業,東証1部
スギホールディングス,7649,小売業,東証1部
ケーズホールディングス,8282,小売業,東証1部
すかいらーく,3197,小売業,東証1部
ビックカメラ,3048,小売業,東証1部
ゼンショーホールディングス,7550,小売業,東証1部
エイチ・ツー・オーリテイリング,8242,小売業,東証1部
アインホールディングス,9627,小売業,東証1部
青山商事,8219,小売業,東証1部
ヤオコー,8279,小売業,東証1部
クリエイトSDホールディングス,3148,小売業,東証1部
サイゼリヤ,7581,小売業,東証1部
日本瓦斯,8174,小売業,東証1部
クスリのアオキホールディングス,3549,小売業,東証1部
ココカラファイン,3098,小売業,東証1部
コメリ,8218,小売業,東証1部
ジョイフル本田,3191,小売業,東証1部
アスクル,2678,小売業,東証1部
トリドールホールディングス,3397,小売業,東証1部
サンエー,2659,小売業,東証1部
アトム,7412,小売業,東証2部
コロワイド,7616,小売業,東証1部
パルコ,8251,小売業,東証1部
ライフコーポレーション,8194,小売業,東証1部
近鉄百貨店,8244,小売業,東証1部
DCMホールディングス,3050,小売業,東証1部
ワークマン,7564,小売業,東証JASDAQスタンダード
島忠,8184,小売業,東証1部
ユナイテッド・スーパーマーケット・ホールディングス,3222,小売業,東証1部
アークス,9948,小売業,東証1部
エディオン,2730,小売業,東証1部
AOKIホールディングス,8214,小売業,東証1部
平和堂,8276,小売業,東証1部
壱番屋,7630,小売業,東証1部
ジンズ,3046,小売業,東証1部
ベルク,9974,小売業,東証1部
ドトール・日レスホールディングス,3087,小売業,東証1部
ノジマ,7419,小売業,東証1部
バローホールディングス,9956,小売業,東証1部
ユナイテッドアローズ,7606,小売業,東証1部
くらコーポレーション,2695,小売業,東証1部
ベルーナ,9997,小売業,東証1部
ロイヤルホールディングス,8179,小売業,東証1部
吉野家ホールディングス,9861,小売業,東証1部
クリエイト・レストランツ・ホールディングス,3387,小売業,東証1部
チヨダ,8185,小売業,東証1部
王将フードサービス,9936,小売業,東証1部
アダストリア,2685,小売業,東証1部
スシローグローバルホールディングス,3563,小売業,東証1部
上新電機,8173,小売業,東証1部
ハイデイ日高,7611,小売業,東証1部
プレナス,9945,小売業,東証1部
ゲオホールディングス,2681,小売業,東証1部
ゼビオホールディングス,8281,小売業,東証1部
アクシアルリテイリング,8255,小売業,東証1部
アルペン,3028,小売業,東証1部
ATグループ,8293,小売業,名証2部
いなげや,8182,小売業,東証1部
総合メディカル,4775,小売業,東証1部
フジ,8278,小売業,東証1部
アークランドサービスホールディングス,3085,小売業,東証1部
ヨンドシーホールディングス,8008,小売業,東証1部
西松屋チェーン,7545,小売業,東証1部
LIXILビバ,3564,小売業,東証1部
コーナン商事,7516,小売業,東証1部
パルグループホールディングス,2726,小売業,東証1部
イオン北海道,7512,小売業,東証1部
松屋フーズ,9887,小売業,東証1部
松屋,8237,小売業,東証1部
アークランドサカモト,9842,小売業,東証1部
クオール,3034,小売業,東証1部
大黒天物産,2791,小売業,東証1部
ミニストップ,9946,小売業,東証1部
木曽路,8160,小売業,東証1部
サンマルクホールディングス,3395,小売業,東証1部
カワチ薬品,2664,小売業,東証1部
ワタミ,7522,小売業,東証1部
VTホールディングス,7593,小売業,東証1部
SFPホールディングス,3198,小売業,東証2部
リンガーハット,8200,小売業,東証1部
物語コーポレーション,3097,小売業,東証1部
Genky_DrugStores,9267,小売業,東証1部
TOKYO_BASE,3415,小売業,東証1部
薬王堂,3385,小売業,東証1部
カッパ・クリエイト,7421,小売業,東証1部
ネクステージ,3186,小売業,東証1部
アドヴァン,7463,小売業,東証1部
ナフコ,2790,小売業,東証JASDAQスタンダード
リテールパートナーズ,8167,小売業,東証2部
チムニー,3178,小売業,東証1部
日本調剤,3341,小売業,東証1部
ケーユーホールディングス,9856,小売業,東証1部
オークワ,8217,小売業,東証1部
ブロンコビリー,3091,小売業,東証1部
ハローズ,2742,小売業,東証1部
フジオフードシステム,2752,小売業,東証JASDAQスタンダード
マックスバリュ西日本,8287,小売業,東証2部
ジャパンミート,3539,小売業,東証2部
サーラコーポレーション,2734,小売業,東証1部
ケーヨー,8168,小売業,東証1部
日本KFCホールディングス,9873,小売業,東証2部
ピーシーデポコーポレーション,7618,小売業,東証1部
マックスバリュ東海,8198,小売業,東証2部
マックスバリュ中部,8171,小売業,名証2部
鳥貴族,3193,小売業,東証1部
ヨシックス,3221,小売業,東証1部
ジョイフル,9942,小売業,福証
力の源ホールディングス,3561,小売業,東証マザーズ
サックスバーホールディングス,9990,小売業,東証1部
ラオックス,8202,小売業,東証2部
マルコ,9980,小売業,東証2部
関西スーパーマーケット,9919,小売業,東証1部
ココスジャパン,9943,小売業,東証JASDAQスタンダード
やまや,9994,小売業,東証1部
串カツ田中,3547,小売業,東証マザーズ
サガミチェーン,9900,小売業,東証1部
DDホールディングス,3073,小売業,東証1部
大庄,9979,小売業,東証1部
ミスターマックス・ホールディングス,8203,小売業,東証1部
シュッピン,3179,小売業,東証1部
あさひ,3333,小売業,東証1部
バロックジャパンリミテッド,3548,小売業,東証1部
あみやき亭,2753,小売業,東証1部
イオン九州,2653,小売業,東証JASDAQスタンダード
G-7ホールディングス,7508,小売業,東証1部
元気寿司,9828,小売業,東証1部
カネ美食品,2669,小売業,東証JASDAQスタンダード
ジーフット,2686,小売業,東証1部
千趣会,8165,小売業,東証1部
ハニーズホールディングス,2792,小売業,東証1部
アルビス,7475,小売業,東証1部
丸善CHIホールディングス,3159,小売業,東証1部
SRSホールディングス,8163,小売業,東証1部
綿半ホールディングス,3199,小売業,東証1部
幸楽苑ホールディングス,7554,小売業,東証1部
キャンドゥ,2698,小売業,東証1部
コジマ,7513,小売業,東証1部
ホットランド,3196,小売業,東証1部
ひらまつ,2764,小売業,東証1部
日産東京販売ホールディングス,8291,小売業,東証1部
Hamee,3134,小売業,東証1部
ライトオン,7445,小売業,東証1部
三城ホールディングス,7455,小売業,東証1部
ジョリーパスタ,9899,小売業,東証2部
マミーマート,9823,小売業,東証JASDAQスタンダード
グルメ杵屋,9850,小売業,東証1部
マックスバリュ北海道,7465,小売業,東証JASDAQスタンダード
ハンズマン,7636,小売業,東証JASDAQスタンダード
コメ兵,2780,小売業,東証2部
フジ・コーポレーション,7605,小売業,東証1部
キリン堂ホールディングス,3194,小売業,東証1部
BEENOS,3328,小売業,東証1部
ヴィア・ホールディングス,7918,小売業,東証1部
ヤマナカ,8190,小売業,名証2部
梅の花,7604,小売業,東証2部
トーエル,3361,小売業,東証1部
メディカルシステムネットワーク,4350,小売業,東証1部
オイシックスドット大地,3182,小売業,東証マザーズ
コナカ,7494,小売業,東証1部
ゴルフダイジェスト・オンライン,3319,小売業,東証1部
ヤマザワ,9993,小売業,東証1部
サンデー,7450,小売業,東証JASDAQスタンダード
東武ストア,8274,小売業,東証1部
ハブ,3030,小売業,東証1部
マックスバリュ東北,2655,小売業,東証2部
ブックオフコーポレーション,3313,小売業,東証1部
メディカル一光,3353,小売業,東証JASDAQスタンダード
ダイユー・リックホールディングス,3546,小売業,東証1部
スクロール,8005,小売業,東証1部
大塚家具,8186,小売業,東証JASDAQスタンダード
マックスバリュ九州,3171,小売業,東証JASDAQスタンダード
うかい,7621,小売業,東証JASDAQスタンダード
アイケイ,2722,小売業,東証JASDAQスタンダード
スタジオアタオ,3550,小売業,東証マザーズ
ハードオフコーポレーション,2674,小売業,東証1部
魚力,7596,小売業,東証1部
ロコンド,3558,小売業,東証マザーズ
はるやまホールディングス,7416,小売業,東証1部
ワッツ,2735,小売業,東証1部
ジーンズメイト,7448,小売業,東証1部
アオキスーパー,9977,小売業,東証JASDAQスタンダード
ジー・テイスト,2694,小売業,東証JASDAQスタンダード
愛眼,9854,小売業,東証1部
キタムラ,2719,小売業,東証2部
大戸屋ホールディングス,2705,小売業,東証JASDAQスタンダード
ヒマラヤ,7514,小売業,東証1部
三光マーケティングフーズ,2762,小売業,東証2部
エコス,7520,小売業,東証1部
マックハウス,7603,小売業,東証JASDAQスタンダード
銚子丸,3075,小売業,東証JASDAQスタンダード
ほぼ日,3560,小売業,東証JASDAQスタンダード
夢展望,3185,小売業,東証マザーズ
天満屋ストア,9846,小売業,東証2部
Olympicグループ,8289,小売業,東証1部
フェリシモ,3396,小売業,東証1部
東和フードサービス,3329,小売業,東証JASDAQスタンダード
アスラポート・ダイニング,3069,小売業,東証JASDAQスタンダード
ベガコーポレーション,3542,小売業,東証マザーズ
ハークスレイ,7561,小売業,東証1部
テンアライド,8207,小売業,東証1部
ダイナック,2675,小売業,東証2部
ウイルプラスホールディングス,3538,小売業,東証2部
オーエムツーネットワーク,7614,小売業,東証JASDAQスタンダード
京都きもの友禅,7615,小売業,東証1部
一家ダイニングプロジェクト,9266,小売業,東証マザーズ
ビジョナリーホールディングス,9263,小売業,東証JASDAQスタンダード
バルニバービ,3418,小売業,東証マザーズ
トレジャー・ファクトリー,3093,小売業,東証1部
アールビバン,7523,小売業,東証JASDAQスタンダード
PLANT,7646,小売業,東証1部
シルバーライフ,9262,小売業,東証マザーズ
ニューアート,7638,小売業,東証JASDAQスタンダード
オーシャンシステム,3096,小売業,東証JASDAQスタンダード
アスモ,2654,小売業,東証2部
ファンデリー,3137,小売業,東証マザーズ
アシードホールディングス,9959,小売業,東証2部
安楽亭,7562,小売業,東証2部
ハチバン,9950,小売業,東証JASDAQスタンダード
パスポート,7577,小売業,東証JASDAQスタンダード
WDI,3068,小売業,東証JASDAQスタンダード
サツドラホールディングス,3544,小売業,東証1部
はせがわ,8230,小売業,東証1部
ユナイテッド＆コレクティブ,3557,小売業,東証マザーズ
カンセキ,9903,小売業,東証JASDAQスタンダード
きちり,3082,小売業,東証1部
ベリテ,9904,小売業,東証2部
ハウスオブローゼ,7506,小売業,東証1部
かんなん丸,7585,小売業,東証JASDAQスタンダード
ポプラ,7601,小売業,東証1部
ヴィレッジヴァンガードコーポレーション,2769,小売業,東証JASDAQスタンダード
トラスト,3347,小売業,東証2部
コックス,9876,小売業,東証JASDAQスタンダード
東理ホールディングス,5856,小売業,東証2部
パレモ・ホールディングス,2778,小売業,東証JASDAQスタンダード
ワイズテーブルコーポレーション,2798,小売業,東証2部
セキチュー,9976,小売業,東証JASDAQスタンダード
ダイイチ,7643,小売業,東証JASDAQスタンダード
ジェイグループホールディングス,3063,小売業,東証マザーズ
ジュンテンドー,9835,小売業,東証2部
藤久,9966,小売業,東証1部
マキヤ,9890,小売業,東証JASDAQスタンダード
大黒屋ホールディングス,6993,小売業,東証2部
ライフフーズ,3065,小売業,東証JASDAQスタンダード
ベクター,2656,小売業,東証JASDAQスタンダード
マルシェ,7524,小売業,東証1部
音通,7647,小売業,東証2部
デファクトスタンダード,3545,小売業,東証マザーズ
ドミー,9924,小売業,名証2部
エー・ピーカンパニー,3175,小売業,東証1部
スーパーバリュー,3094,小売業,東証JASDAQスタンダード
トップカルチャー,7640,小売業,東証1部
文教堂グループホールディングス,9978,小売業,東証JASDAQスタンダード
JBイレブン,3066,小売業,名証2部
ヒラキ,3059,小売業,東証2部
アイエーグループ,7509,小売業,東証JASDAQスタンダード
銀座ルノアール,9853,小売業,東証JASDAQスタンダード
三洋堂ホールディングス,3058,小売業,東証JASDAQスタンダード
オンリー,3376,小売業,東証1部
エンチョー,8208,小売業,東証JASDAQスタンダード
東天紅,8181,小売業,東証1部
ティーライフ,3172,小売業,東証1部
フライングガーデン,3317,小売業,東証JASDAQスタンダード
リネットジャパングループ,3556,小売業,東証マザーズ
タカキュー,8166,小売業,東証1部
ファーマライズホールディングス,2796,小売業,東証1部
関門海,3372,小売業,東証2部
東京一番フーズ,3067,小売業,東証1部
井筒屋,8260,小売業,東証1部
さが美,8201,小売業,東証1部
アプライド,3020,小売業,東証JASDAQスタンダード
一六堂,3366,小売業,東証1部
ワンダーコーポレーション,3344,小売業,東証JASDAQスタンダード
ユニフォームネクスト,3566,小売業,東証マザーズ
サンワカンパニー,3187,小売業,東証マザーズ
まんだらけ,2652,小売業,東証2部
ヤマノホールディングス,7571,小売業,東証JASDAQスタンダード
ショクブン,9969,小売業,東証2部
ジェーソン,3080,小売業,東証JASDAQスタンダード
ホットマン,3190,小売業,東証JASDAQスタンダード
ジェネレーションパス,3195,小売業,東証マザーズ
ゼットン,3057,小売業,名証セントレックス
マーケットエンタープライズ,3135,小売業,東証マザーズ
ホリイフードサービス,3077,小売業,東証JASDAQスタンダード
ハピネス・アンド・ディ,3174,小売業,東証JASDAQスタンダード
北雄ラッキー,2747,小売業,東証JASDAQスタンダード
ANAP,3189,小売業,東証JASDAQスタンダード
富士山マガジンサービス,3138,小売業,東証マザーズ
バナーズ,3011,小売業,東証2部
アクサスホールディングス,3536,小売業,東証JASDAQスタンダード
魚喜,2683,小売業,東証2部
シー・ヴイ・エス・ベイエリア,2687,小売業,東証1部
ミサワ,3169,小売業,東証1部
大和,8247,小売業,東証2部
丸千代山岡家,3399,小売業,東証JASDAQスタンダード
グローバルダイニング,7625,小売業,東証2部
フォーシーズホールディングス,3726,小売業,東証2部
ICDAホールディングス,3184,小売業,東証2部
マルヨシセンター,7515,小売業,東証2部
銀座山形屋,8215,小売業,東証JASDAQスタンダード
サダマツ,2736,小売業,東証JASDAQスタンダード
ストリーム,3071,小売業,東証マザーズ
ニチリョク,7578,小売業,東証JASDAQスタンダード
テイツー,7610,小売業,東証JASDAQスタンダード
ピクスタ,3416,小売業,東証マザーズ
カルラ,2789,小売業,東証JASDAQスタンダード
ありがとうサービス,3177,小売業,東証JASDAQスタンダード
ファミリー,8298,小売業,東証JASDAQスタンダード
フレンドリー,8209,小売業,東証2部
パシフィックネット,3021,小売業,東証2部
バッファロー,3352,小売業,東証JASDAQスタンダード
スリーエフ,7544,小売業,東証2部
東葛ホールディングス,2754,小売業,東証JASDAQスタンダード
海帆,3133,小売業,東証マザーズ
フジタコーポレーション,3370,小売業,東証JASDAQスタンダード
白鳩,3192,小売業,東証JASDAQスタンダード
エスエルディー,3223,小売業,東証JASDAQスタンダード
小僧寿し,9973,小売業,東証JASDAQスタンダード
ゴルフ・ドゥ,3032,小売業,名証セントレックス
オートウェーブ,2666,小売業,東証JASDAQスタンダード
ワットマン,9927,小売業,東証JASDAQスタンダード
ZOA,3375,小売業,東証JASDAQスタンダード
ながの東急百貨店,9829,小売業,東証JASDAQスタンダード
21LADY,3346,小売業,名証セントレックス
セキド,9878,小売業,東証2部
夢みつけ隊,2673,小売業,東証JASDAQスタンダード
さいか屋,8254,小売業,東証2部
ゼネラル・オイスター,3224,小売業,東証マザーズ
山陽百貨店,8257,小売業,東証JASDAQスタンダード
買取王国,3181,小売業,東証JASDAQスタンダード
サンオータス,7623,小売業,東証JASDAQスタンダード
JEUGIA,9826,小売業,東証2部
ワイエスフード,3358,小売業,東証JASDAQスタンダード
ダイヤ通商,7462,小売業,東証JASDAQスタンダード
シーズメン,3083,小売業,東証JASDAQスタンダード
エコノス,3136,小売業,札証アンビシャス
三菱UFJフィナンシャル・グループ,8306,銀行業,東証1部
三井住友フィナンシャルグループ,8316,銀行業,東証1部
ゆうちょ銀行,7182,銀行業,東証1部
みずほフィナンシャルグループ,8411,銀行業,東証1部
三井住友トラスト・ホールディングス,8309,銀行業,東証1部
りそなホールディングス,8308,銀行業,東証1部
コンコルディア・フィナンシャルグループ,7186,銀行業,東証1部
千葉銀行,8331,銀行業,東証1部
静岡銀行,8355,銀行業,東証1部
めぶきフィナンシャルグループ,7167,銀行業,東証1部
スルガ銀行,8358,銀行業,東証1部
ふくおかフィナンシャルグループ,8354,銀行業,東証1部
新生銀行,8303,銀行業,東証1部
あおぞら銀行,8304,銀行業,東証1部
セブン銀行,8410,銀行業,東証1部
京都銀行,8369,銀行業,東証1部
山口フィナンシャルグループ,8418,銀行業,東証1部
八十二銀行,8359,銀行業,東証1部
群馬銀行,8334,銀行業,東証1部
九州フィナンシャルグループ,7180,銀行業,東証1部
広島銀行,8379,銀行業,東証1部
伊予銀行,8385,銀行業,東証1部
中国銀行,8382,銀行業,東証1部
西日本フィナンシャルホールディングス,7189,銀行業,東証1部
ほくほくフィナンシャルグループ,8377,銀行業,東証1部
七十七銀行,8341,銀行業,東証1部
第四銀行,8324,銀行業,東証1部
山陰合同銀行,8381,銀行業,東証1部
阿波銀行,8388,銀行業,東証1部
滋賀銀行,8366,銀行業,東証1部
北洋銀行,8524,銀行業,東証1部
京葉銀行,8544,銀行業,東証1部
百五銀行,8368,銀行業,東証1部
北國銀行,8363,銀行業,東証1部
紀陽銀行,8370,銀行業,東証1部
十六銀行,8356,銀行業,東証1部
武蔵野銀行,8336,銀行業,東証1部
大垣共立銀行,8361,銀行業,東証1部
池田泉州ホールディングス,8714,銀行業,東証1部
百十四銀行,8386,銀行業,東証1部
沖縄銀行,8397,銀行業,東証1部
関西アーバン銀行,8545,銀行業,東証1部
南都銀行,8367,銀行業,東証1部
東邦銀行,8346,銀行業,東証1部
東京TYフィナンシャルグループ,7173,銀行業,東証1部
トモニホールディングス,8600,銀行業,東証1部
名古屋銀行,8522,銀行業,東証1部
山梨中央銀行,8360,銀行業,東証1部
みなと銀行,8543,銀行業,東証1部
岩手銀行,8345,銀行業,東証1部
山形銀行,8344,銀行業,東証1部
青森銀行,8342,銀行業,東証1部
大分銀行,8392,銀行業,東証1部
四国銀行,8387,銀行業,東証1部
宮崎銀行,8393,銀行業,東証1部
福井銀行,8362,銀行業,東証1部
琉球銀行,8399,銀行業,東証1部
北越銀行,8325,銀行業,東証1部
愛知銀行,8527,銀行業,東証1部
東和銀行,8558,銀行業,東証1部
秋田銀行,8343,銀行業,東証1部
愛媛銀行,8541,銀行業,東証1部
十八銀行,8396,銀行業,東証1部
栃木銀行,8550,銀行業,東証1部
中京銀行,8530,銀行業,東証1部
佐賀銀行,8395,銀行業,東証1部
フィデアホールディングス,8713,銀行業,東証1部
千葉興業銀行,8337,銀行業,東証1部
富山第一銀行,7184,銀行業,東証1部
三重銀行,8374,銀行業,東証1部
第三銀行,8529,銀行業,東証1部
じもとホールディングス,7161,銀行業,東証1部
みちのく銀行,8350,銀行業,東証1部
筑波銀行,8338,銀行業,東証1部
清水銀行,8364,銀行業,東証1部
北日本銀行,8551,銀行業,東証1部
大光銀行,8537,銀行業,東証1部
富山銀行,8365,銀行業,東証1部
大東銀行,8563,銀行業,東証1部
福島銀行,8562,銀行業,東証1部
トマト銀行,8542,銀行業,東証1部
長野銀行,8521,銀行業,東証1部
鳥取銀行,8383,銀行業,東証1部
東北銀行,8349,銀行業,東証1部
筑邦銀行,8398,銀行業,福証
高知銀行,8416,銀行業,東証1部
南日本銀行,8554,銀行業,福証
福岡中央銀行,8540,銀行業,福証
宮崎太陽銀行,8560,銀行業,福証
島根銀行,7150,銀行業,東証1部
豊和銀行,8559,銀行業,福証
野村ホールディングス,8604,証券・商品,東証1部
大和証券グループ本社,8601,証券・商品,東証1部
SBIホールディングス,8473,証券・商品,東証1部
松井証券,8628,証券・商品,東証1部
ジャフコ,8595,証券・商品,東証1部
東海東京フィナンシャル・ホールディングス,8616,証券・商品,東証1部
岡三証券グループ,8609,証券・商品,東証1部
FPG,7148,証券・商品,東証1部
カブドットコム証券,8703,証券・商品,東証1部
マネックスグループ,8698,証券・商品,東証1部
GMOフィナンシャルホールディングス,7177,証券・商品,東証JASDAQスタンダード
ジャパンインベストメントアドバイザー,7172,証券・商品,東証マザーズ
丸三証券,8613,証券・商品,東証1部
スパークス・グループ,8739,証券・商品,東証JASDAQスタンダード
いちよし証券,8624,証券・商品,東証1部
極東証券,8706,証券・商品,東証1部
澤田ホールディングス,8699,証券・商品,東証JASDAQスタンダード
藍澤證券,8708,証券・商品,東証1部
岩井コスモホールディングス,8707,証券・商品,東証1部
水戸証券,8622,証券・商品,東証1部
東洋証券,8614,証券・商品,東証1部
マーキュリアインベストメント,7190,証券・商品,東証1部
だいこう証券ビジネス,8692,証券・商品,東証1部
Oakキャピタル,3113,証券・商品,東証2部
マネーパートナーズグループ,8732,証券・商品,東証1部
光世証券,8617,証券・商品,東証1部
トレイダーズホールディングス,8704,証券・商品,東証JASDAQスタンダード
フューチャーベンチャーキャピタル,8462,証券・商品,東証JASDAQスタンダード
ヒロセ通商,7185,証券・商品,東証JASDAQスタンダード
あかつき本社,8737,証券・商品,東証2部
日本アジア投資,8518,証券・商品,東証1部
インヴァスト証券,8709,証券・商品,東証JASDAQスタンダード
アジア開発キャピタル,9318,証券・商品,東証2部
丸八証券,8700,証券・商品,東証JASDAQスタンダード
アストマックス,7162,証券・商品,東証JASDAQスタンダード
今村証券,7175,証券・商品,東証JASDAQスタンダード
第一商品,8746,証券・商品,東証JASDAQスタンダード
小林洋行,8742,証券・商品,東証1部
豊商事,8747,証券・商品,東証JASDAQスタンダード
フジトミ,8740,証券・商品,東証JASDAQスタンダード
岡藤ホールディングス,8705,証券・商品,東証JASDAQスタンダード
東京海上ホールディングス,8766,保険業,東証1部
第一生命ホールディングス,8750,保険業,東証1部
MS＆ADインシュアランスグループホールディングス,8725,保険業,東証1部
SOMPOホールディングス,8630,保険業,東証1部
かんぽ生命保険,7181,保険業,東証1部
T＆Dホールディングス,8795,保険業,東証1部
ソニーフィナンシャルホールディングス,8729,保険業,東証1部
アニコムホールディングス,8715,保険業,東証1部
ニュートン・フィナンシャル・コンサルティング,7169,保険業,東証JASDAQスタンダード
アドバンスクリエイト,8798,保険業,東証1部
ライフネット生命保険,7157,保険業,東証マザーズ
アドバンテッジリスクマネジメント,8769,保険業,東証1部
アメリカン・インターナショナル・グループ・インク,8685,保険業,東証1部
アフラック・インコーポレーテッド,8686,保険業,東証1部
三菱地所,8802,不動産業,東証1部
三井不動産,8801,不動産業,東証1部
住友不動産,8830,不動産業,東証1部
ヒューリック,3003,不動産業,東証1部
飯田グループホールディングス,3291,不動産業,東証1部
東急不動産ホールディングス,3289,不動産業,東証1部
イオンモール,8905,不動産業,東証1部
野村不動産ホールディングス,3231,不動産業,東証1部
エヌ・ティ・ティ都市開発,8933,不動産業,東証1部
パーク24,4666,不動産業,東証1部
日本空港ビルデング,9706,不動産業,東証1部
オープンハウス,3288,不動産業,東証1部
東京建物,8804,不動産業,東証1部
レオパレス21,8848,不動産業,東証1部
いちご,2337,不動産業,東証1部
大京,8840,不動産業,東証1部
ダイビル,8806,不動産業,東証1部
スターツコーポレーション,8850,不動産業,東証1部
テーオーシー,8841,不動産業,東証1部
日本アセットマーケティング,8922,不動産業,東証マザーズ
プレサンスコーポレーション,3254,不動産業,東証1部
カチタス,8919,不動産業,東証1部
ユニゾホールディングス,3258,不動産業,東証1部
ティーケーピー,3479,不動産業,東証マザーズ
ゴールドクレスト,8871,不動産業,東証1部
平和不動産,8803,不動産業,東証1部
レーサム,8890,不動産業,東証JASDAQスタンダード
日本駐車場開発,2353,不動産業,東証1部
タカラレーベン,8897,不動産業,東証1部
三栄建築設計,3228,不動産業,東証1部
サンフロンティア不動産,8934,不動産業,東証1部
トーセイ,8923,不動産業,東証1部
三重交通グループホールディングス,3232,不動産業,東証1部
日本エスコン,8892,不動産業,東証1部
京阪神ビルディング,8818,不動産業,東証1部
サムティ,3244,不動産業,東証1部
シノケングループ,8909,不動産業,東証JASDAQスタンダード
日神不動産,8881,不動産業,東証1部
フージャースホールディングス,3284,不動産業,東証1部
ケイアイスター不動産,3465,不動産業,東証1部
東京楽天地,8842,不動産業,東証1部
日本エスリード,8877,不動産業,東証1部
空港施設,8864,不動産業,東証1部
エフ・ジェー・ネクスト,8935,不動産業,東証1部
スター・マイカ,3230,不動産業,東証1部
フジ住宅,8860,不動産業,東証1部
日本管理センター,3276,不動産業,東証1部
日本商業開発,3252,不動産業,東証1部
ファースト住建,8917,不動産業,東証1部
エリアリンク,8914,不動産業,東証マザーズ
ムゲンエステート,3299,不動産業,東証1部
パラカ,4809,不動産業,東証1部
プロスペクト,3528,不動産業,東証2部
アルデプロ,8925,不動産業,東証2部
ディア・ライフ,3245,不動産業,東証1部
明和地所,8869,不動産業,東証1部
ハウスドゥ,3457,不動産業,東証1部
コスモスイニシア,8844,不動産業,東証JASDAQスタンダード
青山財産ネットワークス,8929,不動産業,東証2部
シーアールイー,3458,不動産業,東証1部
ジェイ・エス・ビー,3480,不動産業,東証2部
アスコット,3264,不動産業,東証JASDAQスタンダード
サンヨーハウジング名古屋,8904,不動産業,東証1部
穴吹興産,8928,不動産業,東証1部
ロードスターキャピタル,3482,不動産業,東証マザーズ
グランディハウス,8999,不動産業,東証1部
ビーロット,3452,不動産業,東証マザーズ
ファーストブラザーズ,3454,不動産業,東証1部
毎日コムネット,8908,不動産業,東証JASDAQスタンダード
ハウスコム,3275,不動産業,東証JASDAQスタンダード
アパマンショップホールディングス,8889,不動産業,東証JASDAQスタンダード
センチュリー21・ジャパン,8898,不動産業,東証JASDAQスタンダード
ヨシコン,5280,不動産業,東証JASDAQスタンダード
コーセーアールイー,3246,不動産業,東証1部
エー・ディー・ワークス,3250,不動産業,東証1部
テンポイノベーション,3484,不動産業,東証マザーズ
ランド,8918,不動産業,東証1部
リベレステ,8887,不動産業,東証JASDAQスタンダード
THEグローバル社,3271,不動産業,東証1部
明豊エンタープライズ,8927,不動産業,東証JASDAQスタンダード
LCホールディングス,8938,不動産業,東証JASDAQグロース
ツノダ,7308,不動産業,名証2部
和田興産,8931,不動産業,東証JASDAQスタンダード
日本社宅サービス,8945,不動産業,東証2部
インテリックス,8940,不動産業,東証1部
サンセイランディック,3277,不動産業,東証1部
グローバル・リンク・マネジメント,3486,不動産業,東証マザーズ
イーグランド,3294,不動産業,東証1部
アーバネットコーポレーション,3242,不動産業,東証JASDAQスタンダード
ランドビジネス,8944,不動産業,東証1部
グッドコムアセット,3475,不動産業,東証2部
アズマハウス,3293,不動産業,東証JASDAQスタンダード
イントランス,3237,不動産業,東証マザーズ
エストラスト,3280,不動産業,東証1部
G-FACTORY,3474,不動産業,東証マザーズ
アグレ都市デザイン,3467,不動産業,東証2部
プロパスト,3236,不動産業,東証JASDAQスタンダード
エリアクエスト,8912,不動産業,東証2部
プロパティエージェント,3464,不動産業,東証2部
JALCOホールディングス,6625,不動産業,東証JASDAQスタンダード
AMBITION,3300,不動産業,東証マザーズ
日住サービス,8854,不動産業,東証2部
新日本建物,8893,不動産業,東証JASDAQスタンダード
ウィル,3241,不動産業,東証2部
ウッドフレンズ,8886,不動産業,東証JASDAQスタンダード
パルマ,3461,不動産業,東証マザーズ
ファンドクリエーショングループ,3266,不動産業,東証JASDAQスタンダード
ストライダーズ,9816,不動産業,東証JASDAQスタンダード
東武住販,3297,不動産業,東証JASDAQスタンダード
フォーライフ,3477,不動産業,東証マザーズ
ラ・アトレ,8885,不動産業,東証JASDAQグロース
エムジーホーム,8891,不動産業,東証2部
RISE,8836,不動産業,東証JASDAQスタンダード
デュアルタップ,3469,不動産業,東証JASDAQスタンダード
アーバンライフ,8851,不動産業,東証2部
サンウッド,8903,不動産業,東証JASDAQスタンダード
ASIANSTAR,8946,不動産業,東証JASDAQスタンダード
アールエイジ,3248,不動産業,東証マザーズ
ハウスフリーダム,8996,不動産業,福証Q-Board
トラストホールディングス,3286,不動産業,東証マザーズ
エムティジェネックス,9820,不動産業,東証JASDAQスタンダード
セントラル総合開発,3238,不動産業,東証2部
ビジネス・ワンホールディングス,4827,不動産業,福証Q-Board
原弘産,8894,不動産業,東証2部
グランディーズ,3261,不動産業,東証マザーズ
誠建設工業,8995,不動産業,東証2部
エスポア,3260,不動産業,名証セントレックス
日本郵政,6178,サービス業,東証1部
リクルートホールディングス,6098,サービス業,東証1部
オリエンタルランド,4661,サービス業,東証1部
セコム,9735,サービス業,東証1部
楽天,4755,サービス業,東証1部
電通,4324,サービス業,東証1部
エムスリー,2413,サービス業,東証1部
ユー・エス・エス,4732,サービス業,東証1部
パーソルホールディングス,2181,サービス業,東証1部
綜合警備保障,2331,サービス業,東証1部
博報堂DYホールディングス,2433,サービス業,東証1部
RIZAPグループ,2928,サービス業,札証アンビシャス
サイバーエージェント,4751,サービス業,東証1部
リログループ,8876,サービス業,東証1部
日本M＆Aセンター,2127,サービス業,東証1部
ミクシィ,2121,サービス業,東証マザーズ
ベネッセホールディングス,9783,サービス業,東証1部
カカクコム,2371,サービス業,東証1部
ディー・エヌ・エー,2432,サービス業,東証1部
みらかホールディングス,4544,サービス業,東証1部
リゾートトラスト,4681,サービス業,東証1部
エイチ・アイ・エス,9603,サービス業,東証1部
エン・ジャパン,4849,サービス業,東証JASDAQスタンダード
イオンディライト,9787,サービス業,東証1部
テクノプロ・ホールディングス,6028,サービス業,東証1部
ベネフィット・ワン,2412,サービス業,東証2部
アウトソーシング,2427,サービス業,東証1部
ラウンドワン,4680,サービス業,東証1部
ケネディクス,4321,サービス業,東証1部
共立メンテナンス,9616,サービス業,東証1部
メイテック,9744,サービス業,東証1部
ディップ,2379,サービス業,東証1部
ダスキン,4665,サービス業,東証1部
エス・エム・エス,2175,サービス業,東証1部
乃村工藝社,9716,サービス業,東証1部
D.A.コンソーシアムホールディングス,6534,サービス業,東証2部
アサツーディ・ケイ,9747,サービス業,東証1部
トランス・コスモス,9715,サービス業,東証1部
船井総研ホールディングス,9757,サービス業,東証1部
東祥,8920,サービス業,東証1部
ジャパンマテリアル,6055,サービス業,東証1部
UTグループ,2146,サービス業,東証JASDAQスタンダード
ダイセキ,9793,サービス業,東証1部
帝国ホテル,9708,サービス業,東証2部
カナモト,9678,サービス業,東証1部
ビー・エム・エル,4694,サービス業,東証1部
LIFULL,2120,サービス業,東証1部
東京都競馬,9672,サービス業,東証1部
M＆Aキャピタルパートナーズ,6080,サービス業,東証1部
EPSホールディングス,4282,サービス業,東証1部
東京ドーム,9681,サービス業,東証1部
コシダカホールディングス,2157,サービス業,東証1部
ぴあ,4337,サービス業,東証1部
ニチイ学館,9792,サービス業,東証1部
ベルシステム24ホールディングス,6183,サービス業,東証1部
リンクアンドモチベーション,2170,サービス業,東証1部
西尾レントオール,9699,サービス業,東証1部
イオンファンタジー,4343,サービス業,東証1部
パソナグループ,2168,サービス業,東証1部
ジェイエイシーリクルートメント,2124,サービス業,東証1部
トーカイ,9729,サービス業,東証1部
プレステージ・インターナショナル,4290,サービス業,東証1部
りらいあコミュニケーションズ,4708,サービス業,東証1部
ユナイテッド,2497,サービス業,東証マザーズ
インフォマート,2492,サービス業,東証1部
フルキャストホールディングス,4848,サービス業,東証1部
日本管財,9728,サービス業,東証1部
ソラスト,6197,サービス業,東証1部
夢真ホールディングス,2362,サービス業,東証JASDAQスタンダード
ナガワ,9663,サービス業,東証1部
ベクトル,6058,サービス業,東証1部
ツクイ,2398,サービス業,東証1部
WDBホールディングス,2475,サービス業,東証1部
Gunosy,6047,サービス業,東証1部
ファンコミュニケーションズ,2461,サービス業,東証1部
歌舞伎座,9661,サービス業,東証2部
クックパッド,2193,サービス業,東証1部
トラスト・テック,2154,サービス業,東証1部
ぐるなび,2440,サービス業,東証1部
丹青社,9743,サービス業,東証1部
ワールドホールディングス,2429,サービス業,東証1部
アミューズ,4301,サービス業,東証1部
山田コンサルティンググループ,4792,サービス業,東証JASDAQスタンダード
日本工営,1954,サービス業,東証1部
イトクロ,6049,サービス業,東証マザーズ
セコム上信越,4342,サービス業,東証2部
東京個別指導学院,4745,サービス業,東証1部
ストライク,6196,サービス業,東証1部
日本ハウズイング,4781,サービス業,東証2部
ライク,2462,サービス業,東証1部
ベイカレント・コンサルティング,6532,サービス業,東証マザーズ
アルプス技研,4641,サービス業,東証1部
セントラルスポーツ,4801,サービス業,東証1部
KNT-CTホールディングス,9726,サービス業,東証1部
スタジオアリス,2305,サービス業,東証1部
リソー教育,4714,サービス業,東証1部
セプテーニ・ホールディングス,4293,サービス業,東証JASDAQスタンダード
GCA,2174,サービス業,東証1部
藤田観光,9722,サービス業,東証1部
スペース,9622,サービス業,東証1部
ナガセ,9733,サービス業,東証JASDAQスタンダード
応用地質,9755,サービス業,東証1部
よみうりランド,9671,サービス業,東証1部
メタップス,6172,サービス業,東証マザーズ
ルネサンス,2378,サービス業,東証1部
IBJ,6071,サービス業,東証1部
イチネンホールディングス,9619,サービス業,東証1部
リニカル,2183,サービス業,東証1部
エボラブルアジア,6191,サービス業,東証1部
ジャパンエレベーターサービスホールディングス,6544,サービス業,東証マザーズ
ウィルグループ,6089,サービス業,東証1部
明光ネットワークジャパン,4668,サービス業,東証1部
グレイステクノロジー,6541,サービス業,東証マザーズ
シーティーエス,4345,サービス業,東証1部
ジーニー,6562,サービス業,東証マザーズ
LITALICO,6187,サービス業,東証1部
セントラル警備保障,9740,サービス業,東証1部
フリークアウト・ホールディングス,6094,サービス業,東証マザーズ
MS-Japan,6539,サービス業,東証1部
クイック,4318,サービス業,東証1部
アドベンチャー,6030,サービス業,東証マザーズ
シミックホールディングス,2309,サービス業,東証1部
三協フロンテア,9639,サービス業,東証JASDAQスタンダード
モーニングスター,4765,サービス業,東証JASDAQスタンダード
弁護士ドットコム,6027,サービス業,東証マザーズ
御園座,9664,サービス業,名証2部
オプトホールディング,2389,サービス業,東証1部
東急レクリエーション,9631,サービス業,東証2部
アトラエ,6194,サービス業,東証マザーズ
ツカダ・グローバルホールディング,2418,サービス業,東証1部
タケエイ,2151,サービス業,東証1部
エイジス,4659,サービス業,東証JASDAQスタンダード
ステップ,9795,サービス業,東証1部
ウェルビー,6556,サービス業,東証マザーズ
エスアールジータカミヤ,2445,サービス業,東証1部
学情,2301,サービス業,東証1部
JPホールディングス,2749,サービス業,東証1部
日本空調サービス,4658,サービス業,東証1部
GameWith,6552,サービス業,東証マザーズ
イー・ガーディアン,6050,サービス業,東証1部
エナリス,6079,サービス業,東証マザーズ
アスカネット,2438,サービス業,東証マザーズ
アイモバイル,6535,サービス業,東証マザーズ
インソース,6200,サービス業,東証1部
クリーク・アンド・リバー社,4763,サービス業,東証1部
アドウェイズ,2489,サービス業,東証マザーズ
ネクシィーズグループ,4346,サービス業,東証1部
バリューコマース,2491,サービス業,東証1部
ソウルドアウト,6553,サービス業,東証マザーズ
FRONTEO,2158,サービス業,東証マザーズ
アイ・ケイ・ケイ,2198,サービス業,東証1部
エスクロー・エージェント・ジャパン,6093,サービス業,東証1部
リソルホールディングス,5261,サービス業,東証1部
新日本科学,2395,サービス業,東証1部
ヒューマンホールディングス,2415,サービス業,東証JASDAQスタンダード
アサンテ,6073,サービス業,東証1部
ドリームインキュベータ,4310,サービス業,東証1部
ウェルネット,2428,サービス業,東証1部
アメイズ,6076,サービス業,福証
テー・オー・ダブリュー,4767,サービス業,東証1部
キャリア,6198,サービス業,東証マザーズ
ジャパンベストレスキューシステム,2453,サービス業,東証1部
nmsホールディングス,2162,サービス業,東証JASDAQスタンダード
HANATOUR_JAPAN,6561,サービス業,東証マザーズ
アビスト,6087,サービス業,東証1部
セントケア・ホールディング,2374,サービス業,東証1部
日本ケアサプライ,2393,サービス業,東証2部
N・フィールド,6077,サービス業,東証1部
ティア,2485,サービス業,東証1部
手間いらず,2477,サービス業,東証マザーズ
デザインワン・ジャパン,6048,サービス業,東証1部
燦ホールディングス,9628,サービス業,東証1部
グリーンズ,6547,サービス業,東証2部
シグマクシス,6088,サービス業,東証1部
ファルコホールディングス,4671,サービス業,東証1部
スバル興業,9632,サービス業,東証1部
アイロムグループ,2372,サービス業,東証1部
エラン,6099,サービス業,東証1部
ロイヤルホテル,9713,サービス業,東証2部
アイ・アールジャパンホールディングス,6035,サービス業,東証2部
ブランジスタ,6176,サービス業,東証マザーズ
ヒビノ,2469,サービス業,東証JASDAQスタンダード
KeePer技研,6036,サービス業,東証1部
ダイオーズ,4653,サービス業,東証1部
ナック,9788,サービス業,東証1部
シダックス,4837,サービス業,東証JASDAQスタンダード
WASHハウス,6537,サービス業,東証マザーズ
トライステージ,2178,サービス業,東証マザーズ
学究社,9769,サービス業,東証1部
キャリアインデックス,6538,サービス業,東証1部
ラックランド,9612,サービス業,東証1部
白洋舎,9731,サービス業,東証1部
KeyHolder,4712,サービス業,東証JASDAQスタンダード
エプコ,2311,サービス業,東証JASDAQスタンダード
キャリアデザインセンター,2410,サービス業,東証1部
建設技術研究所,9621,サービス業,東証1部
日本スキー場開発,6040,サービス業,東証マザーズ
ユニマットリタイアメント・コミュニティ,9707,サービス業,東証JASDAQスタンダード
鎌倉新書,6184,サービス業,東証1部
常磐興産,9675,サービス業,東証1部
サコス,9641,サービス業,東証JASDAQスタンダード
エフアンドエム,4771,サービス業,東証JASDAQスタンダード
チャーム・ケア・コーポレーション,6062,サービス業,東証JASDAQスタンダード
グローバルグループ,6189,サービス業,東証1部
NJS,2325,サービス業,東証1部
テイクアンドギヴ・ニーズ,4331,サービス業,東証1部
オールアバウト,2454,サービス業,東証JASDAQスタンダード
インターネットインフィニティー,6545,サービス業,東証マザーズ
インタースペース,2122,サービス業,東証マザーズ
フルスピード,2159,サービス業,東証マザーズ
バリューHR,6078,サービス業,東証1部
タナベ経営,9644,サービス業,東証1部
ケアネット,2150,サービス業,東証マザーズ
早稲田アカデミー,4718,サービス業,東証1部
シイエム・シイ,2185,サービス業,東証JASDAQスタンダード
アイティメディア,2148,サービス業,東証マザーズ
平安レイサービス,2344,サービス業,東証JASDAQスタンダード
リブセンス,6054,サービス業,東証1部
進学会ホールディングス,9760,サービス業,東証1部
メディネット,2370,サービス業,東証マザーズ
プラネット,2391,サービス業,東証JASDAQスタンダード
日本ビューホテル,6097,サービス業,東証1部
ロゼッタ,6182,サービス業,東証マザーズ
船場,6540,サービス業,東証1部
東洋テック,9686,サービス業,東証2部
日本エス・エイチ・エル,4327,サービス業,東証JASDAQスタンダード
ライクキッズネクスト,6065,サービス業,東証1部
ウチヤマホールディングス,6059,サービス業,東証1部
東京會舘,9701,サービス業,東証2部
エスクリ,2196,サービス業,東証1部
極楽湯ホールディングス,2340,サービス業,東証JASDAQスタンダード
ACKグループ,2498,サービス業,東証JASDAQスタンダード
総医研ホールディングス,2385,サービス業,東証マザーズ
アライドアーキテクツ,6081,サービス業,東証マザーズ
東京テアトル,9633,サービス業,東証1部
アルトナー,2163,サービス業,東証2部
夢テクノロジー,2458,サービス業,東証JASDAQスタンダード
CDG,2487,サービス業,東証1部
ツナグ・ソリューションズ,6551,サービス業,東証マザーズ
ネットマーケティング,6175,サービス業,東証JASDAQスタンダード
ライドオンエクスプレスホールディングス,6082,サービス業,東証1部
ファーストロジック,6037,サービス業,東証1部
ヒューマン・メタボローム・テクノロジーズ,6090,サービス業,東証マザーズ
ぱど,4833,サービス業,東証JASDAQグロース
セラク,6199,サービス業,東証1部
インターワークス,6032,サービス業,東証1部
マーチャント・バンカーズ,3121,サービス業,東証2部
オーエス,9637,サービス業,東証2部
サニックス,4651,サービス業,東証1部
ディーエムエス,9782,サービス業,東証JASDAQスタンダード
E・Jホールディングス,2153,サービス業,東証2部
エンバイオ・ホールディングス,6092,サービス業,東証マザーズ
Orchestraホールディングス,6533,サービス業,東証マザーズ
RVH,6786,サービス業,東証2部
ユニバーサル園芸社,6061,サービス業,東証JASDAQスタンダード
土木管理総合試験所,6171,サービス業,東証1部
幼児活動研究会,2152,サービス業,東証JASDAQスタンダード
レッグス,4286,サービス業,東証1部
ソネット・メディア・ネットワークス,6185,サービス業,東証マザーズ
クックビズ,6558,サービス業,東証マザーズ
アゴーラ・ホスピタリティー・グループ,9704,サービス業,東証1部
イオレ,2334,サービス業,東証マザーズ
アクトコール,6064,サービス業,東証マザーズ
エスプール,2471,サービス業,東証JASDAQスタンダード
エル・ティー・エス,6560,サービス業,東証マザーズ
オオバ,9765,サービス業,東証1部
CDS,2169,サービス業,東証1部
レイ,4317,サービス業,東証JASDAQスタンダード
きんえい,9636,サービス業,東証2部
メンバーズ,2130,サービス業,東証1部
リンクバル,6046,サービス業,東証マザーズ
メドピア,6095,サービス業,東証マザーズ
みらいワークス,6563,サービス業,東証マザーズ
いであ,9768,サービス業,東証1部
ハイアス・アンド・カンパニー,6192,サービス業,東証マザーズ
京都ホテル,9723,サービス業,東証2部
エスユーエス,6554,サービス業,東証マザーズ
トランスジェニック,2342,サービス業,東証マザーズ
SDエンターテイメント,4650,サービス業,東証JASDAQスタンダード
シンメンテホールディングス,6086,サービス業,東証マザーズ
MRT,6034,サービス業,東証マザーズ
ソーバル,2186,サービス業,東証JASDAQスタンダード
Fringe81,6550,サービス業,東証マザーズ
マイスターエンジニアリング,4695,サービス業,東証2部
アルバイトタイムス,2341,サービス業,東証JASDAQスタンダード
地盤ネットホールディングス,6072,サービス業,東証マザーズ
ケア21,2373,サービス業,東証JASDAQスタンダード
京進,4735,サービス業,東証2部
リファインバース,6531,サービス業,東証マザーズ
テラ,2191,サービス業,東証JASDAQスタンダード
GMOアドパートナーズ,4784,サービス業,東証JASDAQスタンダード
長大,9624,サービス業,東証1部
ブロードメディア,4347,サービス業,東証JASDAQスタンダード
東海リース,9761,サービス業,東証2部
フュートレック,2468,サービス業,東証2部
三機サービス,6044,サービス業,東証1部
ERIホールディングス,6083,サービス業,東証1部
レントラックス,6045,サービス業,東証マザーズ
スリープログループ,2375,サービス業,東証2部
札幌臨床検査センター,9776,サービス業,東証JASDAQスタンダード
プラップジャパン,2449,サービス業,東証JASDAQスタンダード
キャリアリンク,6070,サービス業,東証1部
ビジネス・ブレークスルー,2464,サービス業,東証1部
トレンダーズ,6069,サービス業,東証マザーズ
ウエスコホールディングス,6091,サービス業,東証2部
ヒップ,2136,サービス業,東証JASDAQスタンダード
サン・ライフ,4656,サービス業,東証JASDAQスタンダード
翻訳センター,2483,サービス業,東証JASDAQスタンダード
ダイサン,4750,サービス業,東証2部
TAC,4319,サービス業,東証1部
ワタベウェディング,4696,サービス業,東証1部
フルテック,6546,サービス業,東証2部
ケアサービス,2425,サービス業,東証JASDAQグロース
アトラ,6029,サービス業,東証1部
サニーサイドアップ,2180,サービス業,東証JASDAQグロース
オウチーノ,6084,サービス業,東証マザーズ
ブラス,2424,サービス業,東証1部
一蔵,6186,サービス業,東証1部
日本動物高度医療センター,6039,サービス業,東証マザーズ
サイネックス,2376,サービス業,東証1部
アクアライン,6173,サービス業,東証マザーズ
ビケンテクノ,9791,サービス業,東証2部
日本サード・パーティ,2488,サービス業,東証JASDAQスタンダード
MS＆Consulting,6555,サービス業,東証マザーズ
GMOメディア,6180,サービス業,東証マザーズ
成学社,2179,サービス業,東証JASDAQスタンダード
グリーンランドリゾート,9656,サービス業,東証2部
DNAチップ研究所,2397,サービス業,東証2部
ロングライフホールディング,4355,サービス業,東証JASDAQスタンダード
KG情報,2408,サービス業,東証JASDAQスタンダード
中日本興業,9643,サービス業,名証2部
アマナ,2402,サービス業,東証マザーズ
エコナックホールディングス,3521,サービス業,東証1部
中広,2139,サービス業,東証1部
ディーエムソリューションズ,6549,サービス業,東証JASDAQスタンダード
トスネット,4754,サービス業,東証JASDAQスタンダード
オリジナル設計,4642,サービス業,東証2部
こころネット,6060,サービス業,東証JASDAQスタンダード
アルテサロンホールディングス,2406,サービス業,東証JASDAQスタンダード
プラザクリエイト本社,7502,サービス業,東証JASDAQスタンダード
市進ホールディングス,4645,サービス業,東証JASDAQスタンダード
イーサポートリンク,2493,サービス業,東証JASDAQスタンダード
ウィザス,9696,サービス業,東証JASDAQスタンダード
システム・ロケーション,2480,サービス業,東証JASDAQスタンダード
城南進学研究社,4720,サービス業,東証JASDAQスタンダード
大成,4649,サービス業,名証2部
クリップコーポレーション,4705,サービス業,東証JASDAQスタンダード
ジェイエスエス,6074,サービス業,東証JASDAQスタンダード
イード,6038,サービス業,東証マザーズ
ウチダエスコ,4699,サービス業,東証JASDAQスタンダード
メディアフラッグ,6067,サービス業,東証マザーズ
日宣,6543,サービス業,東証JASDAQスタンダード
エクストリーム,6033,サービス業,東証マザーズ
日本和装ホールディングス,2499,サービス業,東証2部
大日本コンサルタント,9797,サービス業,東証2部
トライアイズ,4840,サービス業,東証JASDAQグロース
シダー,2435,サービス業,東証JASDAQスタンダード
セレスポ,9625,サービス業,東証JASDAQスタンダード
博展,2173,サービス業,東証JASDAQグロース
きょくとう,2300,サービス業,東証JASDAQスタンダード
レアジョブ,6096,サービス業,東証マザーズ
旅工房,6548,サービス業,東証マザーズ
AppBank,6177,サービス業,東証マザーズ
鴨川グランドホテル,9695,サービス業,東証JASDAQスタンダード
精養軒,9734,サービス業,東証JASDAQスタンダード
伊豆シャボテンリゾート,6819,サービス業,東証JASDAQスタンダード
ホウライ,9679,サービス業,東証JASDAQスタンダード
FCホールディングス,6542,サービス業,東証JASDAQスタンダード
サイジニア,6031,サービス業,東証マザーズ
パートナーエージェント,6181,サービス業,東証マザーズ
ホテル、ニューグランド,9720,サービス業,東証JASDAQスタンダード
田谷,4679,サービス業,東証1部
西菱電機,4341,サービス業,東証2部
富士ソフトサービスビューロ,6188,サービス業,東証JASDAQスタンダード
ツヴァイ,2417,サービス業,東証2部
秀英予備校,4678,サービス業,東証1部
フェニックスバイオ,6190,サービス業,東証マザーズ
エム・エイチ・グループ,9439,サービス業,東証JASDAQスタンダード
シンワアートオークション,2437,サービス業,東証JASDAQスタンダード
昴,9778,サービス業,東証JASDAQスタンダード
燦キャピタルマネージメント,2134,サービス業,東証JASDAQスタンダード
価値開発,3010,サービス業,東証2部
日建工学,9767,サービス業,東証2部
武蔵野興業,9635,サービス業,東証2部
GMOTECH,6026,サービス業,東証マザーズ
アルファ,4760,サービス業,東証JASDAQスタンダード
日本エマージェンシーアシスタンス,6063,サービス業,東証JASDAQスタンダード
光ハイツ・ヴェラス,2137,サービス業,札証アンビシャス
やまねメディカル,2144,サービス業,東証JASDAQグロース
川崎地質,4673,サービス業,東証JASDAQスタンダード
アミタホールディングス,2195,サービス業,東証JASDAQグロース
鉄人化計画,2404,サービス業,東証2部
タウンニュース社,2481,サービス業,東証JASDAQスタンダード
ハリマビステム,9780,サービス業,東証JASDAQスタンダード
ピーエイ,4766,サービス業,東証2部
バーチャレクス・ホールディングス,6193,サービス業,東証マザーズ
アウンコンサルティング,2459,サービス業,東証2部
CSSホールディングス,2304,サービス業,東証JASDAQスタンダード
セーラー広告,2156,サービス業,東証JASDAQスタンダード
イナリサーチ,2176,サービス業,東証JASDAQスタンダード
アーキテクツ・スタジオ・ジャパン,6085,サービス業,東証マザーズ
ユーラシア旅行社,9376,サービス業,東証JASDAQスタンダード
環境管理センター,4657,サービス業,東証JASDAQスタンダード
ＦＵＪＩＫＯＨ,2405,サービス業,東証2部
キタック,4707,サービス業,東証JASDAQスタンダード
日本パレットプール,4690,サービス業,東証JASDAQスタンダード
ジェイテック,2479,サービス業,東証JASDAQグロース
ランシステム,3326,サービス業,東証JASDAQスタンダード
ウィルソン・ラーニングワールドワイド,9610,サービス業,東証JASDAQスタンダード
共同ピーアール,2436,サービス業,東証JASDAQスタンダード
アール・エス・シー,4664,サービス業,東証JASDAQスタンダード
クリエアナブキ,4336,サービス業,東証JASDAQスタンダード
ホープ,6195,サービス業,東証マザーズ
ニッパンレンタル,4669,サービス業,東証JASDAQスタンダード
花月園観光,9674,サービス業,東証2部
バルクホールディングス,2467,サービス業,名証セントレックス
協和コンサルタンツ,9647,サービス業,東証JASDAQスタンダード
キャリアバンク,4834,サービス業,札証
日本PCサービス,6025,サービス業,名証セントレックス
地域新聞社,2164,サービス業,東証JASDAQグロース
インサイト,2172,サービス業,札証アンビシャス
東レ,3402,繊維製品,東証1部
帝人,3401,繊維製品,東証1部
ワコールホールディングス,3591,繊維製品,東証1部
東洋紡,3101,繊維製品,東証1部
オンワードホールディングス,8016,繊維製品,東証1部
デサント,8114,繊維製品,東証1部
セーレン,3569,繊維製品,東証1部
ホギメディカル,3593,繊維製品,東証1部
グンゼ,3002,繊維製品,東証1部
ゴールドウイン,8111,繊維製品,東証1部
TSIホールディングス,3608,繊維製品,東証1部
日本毛織,3201,繊維製品,東証1部
倉敷紡績,3106,繊維製品,東証1部
帝国繊維,3302,繊維製品,東証1部
片倉工業,3001,繊維製品,東証1部
ユニチカ,3103,繊維製品,東証1部
富士紡ホールディングス,3104,繊維製品,東証1部
小松精練,3580,繊維製品,東証1部
マツオカコーポレーション,3611,繊維製品,東証1部
三陽商会,8011,繊維製品,東証1部
自重堂,3597,繊維製品,東証2部
住江織物,3501,繊維製品,東証1部
アツギ,3529,繊維製品,東証1部
レナウン,3606,繊維製品,東証1部
サカイオーベックス,3408,繊維製品,東証1部
シキボウ,3109,繊維製品,東証1部
キング,8118,繊維製品,東証1部
ダイドーリミテッド,3205,繊維製品,東証1部
ソトー,3571,繊維製品,東証1部
丸八ホールディングス,3504,繊維製品,名証2部
ルック,8029,繊維製品,東証1部
日本フエルト,3512,繊維製品,東証1部
ダイニック,3551,繊維製品,東証1部
ヤマトインターナショナル,8127,繊維製品,東証1部
オーミケンシ,3111,繊維製品,東証2部
イチカワ,3513,繊維製品,東証1部
サイボー,3123,繊維製品,東証2部
トーア紡コーポレーション,3204,繊維製品,東証1部
クラウディアホールディングス,3607,繊維製品,東証1部
東海染工,3577,繊維製品,東証1部
フジコー,3515,繊維製品,東証JASDAQスタンダード
日東製網,3524,繊維製品,東証1部
ナイガイ,8013,繊維製品,東証1部
キムラタン,8107,繊維製品,東証1部
山喜,3598,繊維製品,東証2部
東京ソワール,8040,繊維製品,東証2部
フジックス,3600,繊維製品,東証2部
ダイトウボウ,3202,繊維製品,東証1部
オーベクス,3583,繊維製品,東証2部
川本産業,3604,繊維製品,東証2部
ラピーヌ,8143,繊維製品,東証2部
新内外綿,3125,繊維製品,東証2部
北日本紡績,3409,繊維製品,東証2部
倉庫精練,3578,繊維製品,東証2部
オリックス,8591,その他金融業,東証1部
日本取引所グループ,8697,その他金融業,東証1部
アコム,8572,その他金融業,東証1部
三菱UFJリース,8593,その他金融業,東証1部
イオンフィナンシャルサービス,8570,その他金融業,東証1部
東京センチュリー,8439,その他金融業,東証1部
クレディセゾン,8253,その他金融業,東証1部
日立キャピタル,8586,その他金融業,東証1部
全国保証,7164,その他金融業,東証1部
オリエントコーポレーション,8585,その他金融業,東証1部
芙蓉総合リース,8424,その他金融業,東証1部
アイフル,8515,その他金融業,東証1部
アプラスフィナンシャル,8589,その他金融業,東証1部
興銀リース,8425,その他金融業,東証1部
リコーリース,8566,その他金融業,東証1部
ジャックス,8584,その他金融業,東証1部
ポケットカード,8519,その他金融業,東証1部
Jトラスト,8508,その他金融業,東証2部
日本証券金融,8511,その他金融業,東証1部
NECキャピタルソリューション,8793,その他金融業,東証1部
アルヒ,7198,その他金融業,東証1部
イー・ギャランティ,8771,その他金融業,東証1部
UCS,8787,その他金融業,東証JASDAQスタンダード
九州リースサービス,8596,その他金融業,東証1部
アサックス,8772,その他金融業,東証1部
イントラスト,7191,その他金融業,東証1部
フィンテックグローバル,8789,その他金融業,東証マザーズ
アクリーティブ,8423,その他金融業,東証1部
プレミアグループ,7199,その他金融業,東証2部
Casa,7196,その他金融業,東証2部
ウェッジホールディングス,2388,その他金融業,東証JASDAQグロース
ジェイリース,7187,その他金融業,東証マザーズ
あんしん保証,7183,その他金融業,東証マザーズ
GFA,8783,その他金融業,東証JASDAQスタンダード
日本モーゲージサービス,7192,その他金融業,東証JASDAQスタンダード
中道リース,8594,その他金融業,札証
山田債権回収管理総合事務所,4351,その他金融業,東証JASDAQスタンダード
